-- MySQL dump 10.13  Distrib 8.1.0, for Linux (x86_64)
--
-- Host: localhost    Database: FeFilm
-- ------------------------------------------------------
-- Server version	8.0.35

/*!40101 SET @OLD_CHARACTER_SET_CLIENT=@@CHARACTER_SET_CLIENT */;
/*!40101 SET @OLD_CHARACTER_SET_RESULTS=@@CHARACTER_SET_RESULTS */;
/*!40101 SET @OLD_COLLATION_CONNECTION=@@COLLATION_CONNECTION */;
/*!50503 SET NAMES utf8 */;
/*!40103 SET @OLD_TIME_ZONE=@@TIME_ZONE */;
/*!40103 SET TIME_ZONE='+00:00' */;
/*!40014 SET @OLD_UNIQUE_CHECKS=@@UNIQUE_CHECKS, UNIQUE_CHECKS=0 */;
/*!40014 SET @OLD_FOREIGN_KEY_CHECKS=@@FOREIGN_KEY_CHECKS, FOREIGN_KEY_CHECKS=0 */;
/*!40101 SET @OLD_SQL_MODE=@@SQL_MODE, SQL_MODE='NO_AUTO_VALUE_ON_ZERO' */;
/*!40111 SET @OLD_SQL_NOTES=@@SQL_NOTES, SQL_NOTES=0 */;

--
-- Table structure for table `bookmarks`
--

DROP TABLE IF EXISTS `bookmarks`;
/*!40101 SET @saved_cs_client     = @@character_set_client */;
/*!50503 SET character_set_client = utf8mb4 */;
CREATE TABLE `bookmarks` (
  `id` int NOT NULL AUTO_INCREMENT,
  `movie_id` int DEFAULT NULL,
  `user_id` int DEFAULT NULL,
  PRIMARY KEY (`id`),
  UNIQUE KEY `UK_e5c2yptdbakq2wqub0v7eeg86` (`movie_id`),
  KEY `FKdbsho2e05w5r13fkjqfjmge5f` (`user_id`),
  CONSTRAINT `FKdbsho2e05w5r13fkjqfjmge5f` FOREIGN KEY (`user_id`) REFERENCES `users` (`id`),
  CONSTRAINT `FKrsjme7ihwimirllxk0ars4l94` FOREIGN KEY (`movie_id`) REFERENCES `movies` (`id`)
) ENGINE=InnoDB AUTO_INCREMENT=7 DEFAULT CHARSET=utf8mb4 COLLATE=utf8mb4_0900_ai_ci;
/*!40101 SET character_set_client = @saved_cs_client */;

--
-- Dumping data for table `bookmarks`
--

LOCK TABLES `bookmarks` WRITE;
/*!40000 ALTER TABLE `bookmarks` DISABLE KEYS */;
INSERT INTO `bookmarks` VALUES (1,65,10),(2,143,10),(3,121,10),(4,57,10),(5,132,10),(6,145,10);
/*!40000 ALTER TABLE `bookmarks` ENABLE KEYS */;
UNLOCK TABLES;

--
-- Table structure for table `comments`
--

DROP TABLE IF EXISTS `comments`;
/*!40101 SET @saved_cs_client     = @@character_set_client */;
/*!50503 SET character_set_client = utf8mb4 */;
CREATE TABLE `comments` (
  `id` int NOT NULL AUTO_INCREMENT,
  `content` varchar(255) NOT NULL,
  `createdAt` date DEFAULT NULL,
  `parentId` varchar(255) DEFAULT NULL,
  `userId` int NOT NULL,
  PRIMARY KEY (`id`),
  KEY `FK3otd8f5ei3ewk9366frwusulq` (`userId`),
  CONSTRAINT `FK3otd8f5ei3ewk9366frwusulq` FOREIGN KEY (`userId`) REFERENCES `users` (`id`)
) ENGINE=InnoDB DEFAULT CHARSET=utf8mb4 COLLATE=utf8mb4_0900_ai_ci;
/*!40101 SET character_set_client = @saved_cs_client */;

--
-- Dumping data for table `comments`
--

LOCK TABLES `comments` WRITE;
/*!40000 ALTER TABLE `comments` DISABLE KEYS */;
/*!40000 ALTER TABLE `comments` ENABLE KEYS */;
UNLOCK TABLES;

--
-- Table structure for table `countries`
--

DROP TABLE IF EXISTS `countries`;
/*!40101 SET @saved_cs_client     = @@character_set_client */;
/*!50503 SET character_set_client = utf8mb4 */;
CREATE TABLE `countries` (
  `country_id` int NOT NULL AUTO_INCREMENT,
  `name` varchar(255) NOT NULL,
  PRIMARY KEY (`country_id`)
) ENGINE=InnoDB AUTO_INCREMENT=9 DEFAULT CHARSET=utf8mb4 COLLATE=utf8mb4_0900_ai_ci;
/*!40101 SET character_set_client = @saved_cs_client */;

--
-- Dumping data for table `countries`
--

LOCK TABLES `countries` WRITE;
/*!40000 ALTER TABLE `countries` DISABLE KEYS */;
INSERT INTO `countries` VALUES (1,'United States'),(2,'United Kingdom'),(3,'HongKong'),(4,'Japan'),(5,'South Korea'),(6,'China'),(7,'Vietnam'),(8,'Thailand');
/*!40000 ALTER TABLE `countries` ENABLE KEYS */;
UNLOCK TABLES;

--
-- Table structure for table `genres`
--

DROP TABLE IF EXISTS `genres`;
/*!40101 SET @saved_cs_client     = @@character_set_client */;
/*!50503 SET character_set_client = utf8mb4 */;
CREATE TABLE `genres` (
  `genre_id` int NOT NULL AUTO_INCREMENT,
  `name` varchar(255) NOT NULL,
  PRIMARY KEY (`genre_id`)
) ENGINE=InnoDB AUTO_INCREMENT=14 DEFAULT CHARSET=utf8mb4 COLLATE=utf8mb4_0900_ai_ci;
/*!40101 SET character_set_client = @saved_cs_client */;

--
-- Dumping data for table `genres`
--

LOCK TABLES `genres` WRITE;
/*!40000 ALTER TABLE `genres` DISABLE KEYS */;
INSERT INTO `genres` VALUES (1,'Action'),(2,'Adventure'),(3,'Animation'),(4,'Comedy'),(5,'Crime'),(6,'Drama'),(7,'Fantasy'),(8,'Family'),(9,'Mystery'),(10,'Romance'),(11,'Science Fiction'),(12,'Horror'),(13,'Thriller');
/*!40000 ALTER TABLE `genres` ENABLE KEYS */;
UNLOCK TABLES;

--
-- Table structure for table `movies`
--

DROP TABLE IF EXISTS `movies`;
/*!40101 SET @saved_cs_client     = @@character_set_client */;
/*!50503 SET character_set_client = utf8mb4 */;
CREATE TABLE `movies` (
  `id` int NOT NULL AUTO_INCREMENT,
  `cast` varchar(255) DEFAULT NULL,
  `director` varchar(255) DEFAULT NULL,
  `imageHorizontalPath` varchar(255) NOT NULL,
  `imageVerticalPath` varchar(255) NOT NULL,
  `imdb` float NOT NULL,
  `overview` text NOT NULL,
  `releaseYear` varchar(255) NOT NULL,
  `title` varchar(255) NOT NULL,
  `videoPath` varchar(255) NOT NULL,
  `country_id` int DEFAULT NULL,
  `genre_id` int DEFAULT NULL,
  PRIMARY KEY (`id`),
  KEY `FKbih7y2b2lwdg87s5gosghnu99` (`country_id`),
  KEY `FKjp8fsy8a0kkmdi04i81v05c6a` (`genre_id`),
  CONSTRAINT `FKbih7y2b2lwdg87s5gosghnu99` FOREIGN KEY (`country_id`) REFERENCES `countries` (`country_id`),
  CONSTRAINT `FKjp8fsy8a0kkmdi04i81v05c6a` FOREIGN KEY (`genre_id`) REFERENCES `genres` (`genre_id`)
) ENGINE=InnoDB AUTO_INCREMENT=206 DEFAULT CHARSET=utf8mb4 COLLATE=utf8mb4_0900_ai_ci;
/*!40101 SET character_set_client = @saved_cs_client */;

--
-- Dumping data for table `movies`
--

LOCK TABLES `movies` WRITE;
/*!40000 ALTER TABLE `movies` DISABLE KEYS */;
INSERT INTO `movies` VALUES (1,'Robert Downey Jr., Chris Evans, Mark Ruffalo','Anthony Russo, Joe Russo','https://iili.io/Jq7FedN.jpg','https://iili.io/Jq5paQ2.jpg',8.4,'After the devastating events of Avengers: Infinity War (2018), the universe is in ruins. With the help of remaining allies, the Avengers assemble once more in order to reverse Thanos\' actions and restore balance to the universe.','2019','Avengers: Endgame','https://www.youtube.com/embed/TcMBFSGVi1c',1,1),(2,'Robert Downey Jr., Chris Evans, Mark Ruffalo','Anthony Russo, Joe Russo','https://iili.io/Jq7FedN.jpg','https://iili.io/Jq5paQ2.jpg',8.4,'After the devastating events of Avengers: Infinity War (2018), the universe is in ruins. With the help of remaining allies, the Avengers assemble once more in order to reverse Thanos\' actions and restore balance to the universe.','2019','Avengers: Endgame','https://www.youtube.com/embed/TcMBFSGVi1c',1,2),(3,'Robert Downey Jr., Chris Evans, Mark Ruffalo','Anthony Russo, Joe Russo','https://iili.io/Jq7FedN.jpg','https://iili.io/Jq5paQ2.jpg',8.4,'After the devastating events of Avengers: Infinity War (2018), the universe is in ruins. With the help of remaining allies, the Avengers assemble once more in order to reverse Thanos\' actions and restore balance to the universe.','2019','Avengers: Endgame','https://www.youtube.com/embed/TcMBFSGVi1c',1,6),(4,'Robert Downey Jr., Chris Evans, Mark Ruffalo','Anthony Russo, Joe Russo','https://iili.io/Jq7FedN.jpg','https://iili.io/Jq5paQ2.jpg',8.4,'After the devastating events of Avengers: Infinity War (2018), the universe is in ruins. With the help of remaining allies, the Avengers assemble once more in order to reverse Thanos\' actions and restore balance to the universe.','2019','Avengers: Endgame','https://www.youtube.com/embed/TcMBFSGVi1c',1,11),(5,'Robert Downey Jr., Chris Evans, Chris Hemsworth','Anthony Russo, Joe Russo','https://iili.io/Jq7FNgp.jpg','https://iili.io/Jq7Fk7I.jpg',8.4,'The Avengers and their allies must be willing to sacrifice all in an attempt to defeat the powerful Thanos before his blitz of devastation and ruin puts an end to the universe.','2018','Avengers: Infinity War','https://www.youtube.com/embed/6ZfuNTqbHE8',1,1),(6,'Robert Downey Jr., Chris Evans, Chris Hemsworth','Anthony Russo, Joe Russo','https://iili.io/Jq7FNgp.jpg','https://iili.io/Jq7Fk7I.jpg',8.4,'The Avengers and their allies must be willing to sacrifice all in an attempt to defeat the powerful Thanos before his blitz of devastation and ruin puts an end to the universe.','2018','Avengers: Infinity War','https://www.youtube.com/embed/6ZfuNTqbHE8',1,2),(7,'Robert Downey Jr., Chris Evans, Chris Hemsworth','Anthony Russo, Joe Russo','https://iili.io/Jq7FNgp.jpg','https://iili.io/Jq7Fk7I.jpg',8.4,'The Avengers and their allies must be willing to sacrifice all in an attempt to defeat the powerful Thanos before his blitz of devastation and ruin puts an end to the universe.','2018','Avengers: Infinity War','https://www.youtube.com/embed/6ZfuNTqbHE8',1,6),(8,'Robert Downey Jr., Chris Evans, Chris Hemsworth','Anthony Russo, Joe Russo','https://iili.io/Jq7FNgp.jpg','https://iili.io/Jq7Fk7I.jpg',8.4,'The Avengers and their allies must be willing to sacrifice all in an attempt to defeat the powerful Thanos before his blitz of devastation and ruin puts an end to the universe.','2018','Avengers: Infinity War','https://www.youtube.com/embed/6ZfuNTqbHE8',1,11),(9,'Ma Dong-seok, Mu-Yeol Kim, Jeon Bae-soo','Won-Tae Lee','https://iili.io/Jqa7JF2.jpg','https://iili.io/Jqa58Tg.jpg',6.9,'After barely surviving a violent attack by an elusive serial killer, crime boss Jang Dong-su finds himself forming an unlikely partnership with local detective Jung Tae-seok to catch the sadistic killer simply known as K.','2019','The Gangster, the Cop, the Devil','https://www.youtube.com/embed/xvE8oahbjcI',5,1),(10,'Ma Dong-seok, Mu-Yeol Kim, Jeon Bae-soo','Won-Tae Lee','https://iili.io/Jqa7JF2.jpg','https://iili.io/Jqa58Tg.jpg',6.9,'After barely surviving a violent attack by an elusive serial killer, crime boss Jang Dong-su finds himself forming an unlikely partnership with local detective Jung Tae-seok to catch the sadistic killer simply known as K.','2019','The Gangster, the Cop, the Devil','https://www.youtube.com/embed/xvE8oahbjcI',5,5),(11,'Ma Dong-seok, Mu-Yeol Kim, Jeon Bae-soo','Won-Tae Lee','https://iili.io/Jqa7JF2.jpg','https://iili.io/Jqa58Tg.jpg',6.9,'After barely surviving a violent attack by an elusive serial killer, crime boss Jang Dong-su finds himself forming an unlikely partnership with local detective Jung Tae-seok to catch the sadistic killer simply known as K.','2019','The Gangster, the Cop, the Devil','https://www.youtube.com/embed/xvE8oahbjcI',5,13),(12,'Gong Yoo, Jung Yu-mi, Ma Dong-seok','Sang-ho Yeon','https://iili.io/Jq0DrG4.jpg','https://iili.io/Jq0Dgnf.jpg',7.6,'Sok-woo, a father with not much time for his daughter, Soo-ahn, are boarding the KTX, a fast train that shall bring them from Seoul to Busan. But during their journey, the apocalypse begins, and most of the earth\'s population become flesh craving zombies. While the KTX is shooting towards Busan, the passenger\'s fight for their families and lives against the zombies - and each other.','2016','Train to Busan','https://www.youtube.com/embed/pyWuHv2-Abk',5,12),(13,'Gong Yoo, Jung Yu-mi, Ma Dong-seok','Sang-ho Yeon','https://iili.io/Jq0DrG4.jpg','https://iili.io/Jq0Dgnf.jpg',7.6,'Sok-woo, a father with not much time for his daughter, Soo-ahn, are boarding the KTX, a fast train that shall bring them from Seoul to Busan. But during their journey, the apocalypse begins, and most of the earth\'s population become flesh craving zombies. While the KTX is shooting towards Busan, the passenger\'s fight for their families and lives against the zombies - and each other.','2016','Train to Busan','https://www.youtube.com/embed/pyWuHv2-Abk',5,1),(14,'Gong Yoo, Jung Yu-mi, Ma Dong-seok','Sang-ho Yeon','https://iili.io/Jq0DrG4.jpg','https://iili.io/Jq0Dgnf.jpg',7.6,'Sok-woo, a father with not much time for his daughter, Soo-ahn, are boarding the KTX, a fast train that shall bring them from Seoul to Busan. But during their journey, the apocalypse begins, and most of the earth\'s population become flesh craving zombies. While the KTX is shooting towards Busan, the passenger\'s fight for their families and lives against the zombies - and each other.','2016','Train to Busan','https://www.youtube.com/embed/pyWuHv2-Abk',5,13),(15,'Nick Cheung, Louis Koo, Francis Ng','Jazz Boon','https://prod-ripcut-delivery.disney-plus.net/v1/variant/disney/A73CAF809576664AEFB863A17AAE9E719CD82ECDBA3002E38382D18E8B6A9195/scale?width=1200&aspectRatio=1.78&format=jpeg','https://images.justwatch.com/poster/190176657/s718/line-walker.jpg',7.5,'Several cops went undercover. Due to some issues, all undercover identities were wiped clean from the police database.','2016','Line Walker','https://www.youtube.com/embed/TsTt34hQqHc',3,1),(16,'Nick Cheung, Louis Koo, Francis Ng','Jazz Boon','https://prod-ripcut-delivery.disney-plus.net/v1/variant/disney/A73CAF809576664AEFB863A17AAE9E719CD82ECDBA3002E38382D18E8B6A9195/scale?width=1200&aspectRatio=1.78&format=jpeg','https://images.justwatch.com/poster/190176657/s718/line-walker.jpg',7.5,'Several cops went undercover. Due to some issues, all undercover identities were wiped clean from the police database.','2016','Line Walker','https://www.youtube.com/embed/TsTt34hQqHc',3,5),(17,'Nick Cheung, Louis Koo, Francis Ng','Jazz Boon','https://prod-ripcut-delivery.disney-plus.net/v1/variant/disney/A73CAF809576664AEFB863A17AAE9E719CD82ECDBA3002E38382D18E8B6A9195/scale?width=1200&aspectRatio=1.78&format=jpeg','https://images.justwatch.com/poster/190176657/s718/line-walker.jpg',7.5,'Several cops went undercover. Due to some issues, all undercover identities were wiped clean from the police database.','2016','Line Walker','https://www.youtube.com/embed/TsTt34hQqHc',3,9),(18,'Kai Ko, Michelle Chen, Owodog Chuang','Giddens Ko','https://iili.io/JqWL9gR.jpg','https://iili.io/JqWLJJp.jpg',7.6,'A group of close friends who attend a private school all have a debilitating crush on the sunny star pupil, Shen Jiayi. The only member of the group who claims not to is Ke Jingteng, but he ends up loving her as well.','2011','You Are the Apple of My Eye','https://www.youtube.com/embed/z_GkytDPNEU',6,4),(19,'Kai Ko, Michelle Chen, Owodog Chuang','Giddens Ko','https://iili.io/JqWL9gR.jpg','https://iili.io/JqWLJJp.jpg',7.6,'A group of close friends who attend a private school all have a debilitating crush on the sunny star pupil, Shen Jiayi. The only member of the group who claims not to is Ke Jingteng, but he ends up loving her as well.','2011','You Are the Apple of My Eye','https://www.youtube.com/embed/z_GkytDPNEU',6,6),(20,'Kai Ko, Michelle Chen, Owodog Chuang','Giddens Ko','https://iili.io/JqWL9gR.jpg','https://iili.io/JqWLJJp.jpg',7.6,'A group of close friends who attend a private school all have a debilitating crush on the sunny star pupil, Shen Jiayi. The only member of the group who claims not to is Ke Jingteng, but he ends up loving her as well.','2011','You Are the Apple of My Eye','https://www.youtube.com/embed/z_GkytDPNEU',6,10),(21,'Song Kang-ho, Lee Sun-kyun, Cho Yeo-jeong','Bong Joon-ho','https://iili.io/JqXBUl4.jpg','https://iili.io/JqXB6RS.jpg',8.5,'Greed and class discrimination threaten the newly formed symbiotic relationship between the wealthy Park family and the destitute Kim clan.','2019','Parasite','https://www.youtube.com/embed/5xH0HfJHsaY',5,6),(22,'Song Kang-ho, Lee Sun-kyun, Cho Yeo-jeong','Bong Joon-ho','https://iili.io/JqXBUl4.jpg','https://iili.io/JqXB6RS.jpg',8.5,'Greed and class discrimination threaten the newly formed symbiotic relationship between the wealthy Park family and the destitute Kim clan.','2019','Parasite','https://www.youtube.com/embed/5xH0HfJHsaY',5,13),(23,'Greg Hsu, Zhang Ruonan, Ding Guasen','Tian Han','https://iili.io/JqX7Zsp.jpg','https://iili.io/JqX7DqN.jpg',8.2,'During high school, Zhou Xiaoqi fell in love with You Yongci at first sight, but he watched over her secretly and the girl left without saying goodbye. Now it is 15 years later and he still pines for her.','2021','My Love','https://www.youtube.com/embed/E1hcn8pI3a8',6,4),(24,'Greg Hsu, Zhang Ruonan, Ding Guasen','Tian Han','https://iili.io/JqX7Zsp.jpg','https://iili.io/JqX7DqN.jpg',8.2,'During high school, Zhou Xiaoqi fell in love with You Yongci at first sight, but he watched over her secretly and the girl left without saying goodbye. Now it is 15 years later and he still pines for her.','2021','My Love','https://www.youtube.com/embed/E1hcn8pI3a8',6,10),(25,'Minami Hamabe, Takumi Kitamura, Shun Oguri','Sho Tsukikawa','https://iili.io/JqXMIsa.jpg','https://iili.io/JqXMuqJ.jpg',7.1,'A dying girl meets a nonchalant boy who found out her secret. She decided to fulfill her bucket list with none-other-than the boy who couldn\'t care less about the world.','2017','Let Me Eat Your Pancreas','https://www.youtube.com/embed/Z3h490I2UnE',4,6),(26,'Minami Hamabe, Takumi Kitamura, Shun Oguri','Sho Tsukikawa','https://iili.io/JqXMIsa.jpg','https://iili.io/JqXMuqJ.jpg',7.1,'A dying girl meets a nonchalant boy who found out her secret. She decided to fulfill her bucket list with none-other-than the boy who couldn\'t care less about the world.','2017','Let Me Eat Your Pancreas','https://www.youtube.com/embed/Z3h490I2UnE',4,10),(27,'Kenji Mizuhashi, Yoshimi Kondou, Satomi Hanamura','Makoto Shinkai','https://iili.io/JqXOax2.jpg','https://iili.io/JqXO7Dl.jpg',8,'Told in three interconnected segments, Takaki tells the story of his life as cruel winters, cold technology, and finally, adult obligations and responsibility converge to test the delicate petals of love.','2007','5 Centimeters per Second','https://www.youtube.com/embed/wdM7athAem0',4,3),(28,'Kenji Mizuhashi, Yoshimi Kondou, Satomi Hanamura','Makoto Shinkai','https://iili.io/JqXOax2.jpg','https://iili.io/JqXO7Dl.jpg',8,'Told in three interconnected segments, Takaki tells the story of his life as cruel winters, cold technology, and finally, adult obligations and responsibility converge to test the delicate petals of love.','2007','5 Centimeters per Second','https://www.youtube.com/embed/wdM7athAem0',4,6),(29,'Kenji Mizuhashi, Yoshimi Kondou, Satomi Hanamura','Makoto Shinkai','https://iili.io/JqXOax2.jpg','https://iili.io/JqXO7Dl.jpg',8,'Told in three interconnected segments, Takaki tells the story of his life as cruel winters, cold technology, and finally, adult obligations and responsibility converge to test the delicate petals of love.','2007','5 Centimeters per Second','https://www.youtube.com/embed/wdM7athAem0',4,8),(30,'Ryunosuke Kamiki, Mone Kamishiraishi, Ryo Narita','Makoto Shinkai','https://iili.io/JqXkscX.jpg','https://iili.io/JqXkiFt.jpg',8.4,'High schoolers Mitsuha and Taki are complete strangers living separate lives. But one night, they suddenly switch places. Mitsuha wakes up in Taki’s body, and he in hers. This bizarre occurrence continues to happen randomly, and the two must adjust their lives around each other.','2016','Your Name','https://www.youtube.com/embed/xU47nhruN-Q',4,3),(31,'Ryunosuke Kamiki, Mone Kamishiraishi, Ryo Narita','Makoto Shinkai','https://iili.io/JqXkscX.jpg','https://iili.io/JqXkiFt.jpg',8.4,'High schoolers Mitsuha and Taki are complete strangers living separate lives. But one night, they suddenly switch places. Mitsuha wakes up in Taki’s body, and he in hers. This bizarre occurrence continues to happen randomly, and the two must adjust their lives around each other.','2016','Your Name','https://www.youtube.com/embed/xU47nhruN-Q',4,6),(32,'Ryunosuke Kamiki, Mone Kamishiraishi, Ryo Narita','Makoto Shinkai','https://iili.io/JqXkscX.jpg','https://iili.io/JqXkiFt.jpg',8.4,'High schoolers Mitsuha and Taki are complete strangers living separate lives. But one night, they suddenly switch places. Mitsuha wakes up in Taki\'s body, and he in hers. This bizarre occurrence continues to happen randomly, and the two must adjust their lives around each other.','2016','Your Name','https://www.youtube.com/embed/xU47nhruN-Q',4,7),(33,'Miyu Irino, Saori Hayami, Aoi Yuki','Naoko Yamada','https://iili.io/JqX8ILl.jpg','https://iili.io/JqX8uB2.jpg',8.1,'The story revolves around Shoko Nishimiya, a grade school student who has impaired hearing. She transfers into a new school, where she is bullied by her classmates, especially Shôya Ishida. It gets to the point where she transfers to another school and as a result, Shôya is ostracized and bullied himself, with no friends to speak to and no plans for the future. Years later, he epicly sets himself on a path to redemption.','2016','A Silent Voice','https://www.youtube.com/embed/nfK6UgLra7g',4,3),(34,'Miyu Irino, Saori Hayami, Aoi Yuki','Naoko Yamada','https://iili.io/JqX8ILl.jpg','https://iili.io/JqX8uB2.jpg',8.1,'The story revolves around Shoko Nishimiya, a grade school student who has impaired hearing. She transfers into a new school, where she is bullied by her classmates, especially Shôya Ishida. It gets to the point where she transfers to another school and as a result, Shôya is ostracized and bullied himself, with no friends to speak to and no plans for the future. Years later, he epicly sets himself on a path to redemption.','2016','A Silent Voice','https://www.youtube.com/embed/nfK6UgLra7g',4,6),(35,'Miyu Irino, Saori Hayami, Aoi Yuki','Naoko Yamada','https://iili.io/JqX8ILl.jpg','https://iili.io/JqX8uB2.jpg',8.1,'The story revolves around Shoko Nishimiya, a grade school student who has impaired hearing. She transfers into a new school, where she is bullied by her classmates, especially Shôya Ishida. It gets to the point where she transfers to another school and as a result, Shôya is ostracized and bullied himself, with no friends to speak to and no plans for the future. Years later, he epicly sets himself on a path to redemption.','2016','A Silent Voice','https://www.youtube.com/embed/nfK6UgLra7g',4,10),(36,'Izumi Sawada, Hayato Taya, Ayane Sakura','Takahiro Omori','https://iili.io/JqXrNFp.jpg','https://iili.io/JqXrhMv.jpg',7.8,'Hotaru is rescued by a spirit when she gets lost in a forest as a child. The two become friends, despite the spirit revealing that he will disappear if he is ever touched by a human.','2011','To the Forest of Firefly Lights','https://www.youtube.com/embed/UdkLhtPeM',4,3),(37,'Izumi Sawada, Hayato Taya, Ayane Sakura','Takahiro Omori','https://iili.io/JqXrNFp.jpg','https://iili.io/JqXrhMv.jpg',7.8,'Hotaru is rescued by a spirit when she gets lost in a forest as a child. The two become friends, despite the spirit revealing that he will disappear if he is ever touched by a human.','2011','To the Forest of Firefly Lights','https://www.youtube.com/embed/UdkLhtPeM',4,6),(38,'Izumi Sawada, Hayato Taya, Ayane Sakura','Takahiro Omori','https://iili.io/JqXrNFp.jpg','https://iili.io/JqXrhMv.jpg',7.8,'Hotaru is rescued by a spirit when she gets lost in a forest as a child. The two become friends, despite the spirit revealing that he will disappear if he is ever touched by a human.','2011','To the Forest of Firefly Lights','https://www.youtube.com/embed/UdkLhtPeM',4,7),(39,'So Ji-seob, Son Ye-jin, Yoo-ram Bae','Jang-Hoon Lee','https://cdn.idntimes.com/content-images/duniaku/post/20230206/mv5bmgvkzjdlmzatngfjzi00zjc1ltljzmqtyjezyjfjmjkxndk4xkeyxkfqcgdeqxvyndcymjq4mzu-at-v1-0083909ca316f3635460959c5a938246.jpg','https://images.justwatch.com/poster/75183925/s718/be-with-you.jpg',7.7,'Woo Jin takes care of his son Ji Ho alone after his wife Soo A passed away. Before she passed away, she promised she would be back on a rainy day one year later. One year later, Soo A appears again, but she does not remember anything.','2018','Be With You','https://www.youtube.com/embed/_6tJmGxGaK4',5,6),(40,'So Ji-seob, Son Ye-jin, Yoo-ram Bae','Jang-Hoon Lee','https://cdn.idntimes.com/content-images/duniaku/post/20230206/mv5bmgvkzjdlmzatngfjzi00zjc1ltljzmqtyjezyjfjmjkxndk4xkeyxkfqcgdeqxvyndcymjq4mzu-at-v1-0083909ca316f3635460959c5a938246.jpg','https://images.justwatch.com/poster/75183925/s718/be-with-you.jpg',7.7,'Woo Jin takes care of his son Ji Ho alone after his wife Soo A passed away. Before she passed away, she promised she would be back on a rainy day one year later. One year later, Soo A appears again, but she does not remember anything.','2018','Be With You','https://www.youtube.com/embed/_6tJmGxGaK4',5,7),(41,'So Ji-seob, Son Ye-jin, Yoo-ram Bae','Jang-Hoon Lee','https://cdn.idntimes.com/content-images/duniaku/post/20230206/mv5bmgvkzjdlmzatngfjzi00zjc1ltljzmqtyjezyjfjmjkxndk4xkeyxkfqcgdeqxvyndcymjq4mzu-at-v1-0083909ca316f3635460959c5a938246.jpg','https://images.justwatch.com/poster/75183925/s718/be-with-you.jpg',7.7,'Woo Jin takes care of his son Ji Ho alone after his wife Soo A passed away. Before she passed away, she promised she would be back on a rainy day one year later. One year later, Soo A appears again, but she does not remember anything.','2018','Be With You','https://www.youtube.com/embed/_6tJmGxGaK4',5,10),(42,'Park Bo-young, Kim Young-kwang, Kang Ki-young','Lee Seok-geun','https://rollingstoneindia.com/wp-content/uploads/2023/08/On-Your-Wedding-Day-Poster-HanCinema-scaled.jpg','https://m.media-amazon.com/images/M/MV5BM2I4Y2MxMjktY2RlZi00NmYzLWI2MjUtNTViYzFhYzJlMDc1XkEyXkFqcGdeQXVyODkyNzkyMjM@._V1_.jpg',7,'The story of the man who receives a wedding invitation from his first love that he met in high school.','2018','On Your Wedding Day','https://www.youtube.com/embed/QJEe_JEhvw8',5,4),(43,'Park Bo-young, Kim Young-kwang, Kang Ki-young','Lee Seok-geun','https://rollingstoneindia.com/wp-content/uploads/2023/08/On-Your-Wedding-Day-Poster-HanCinema-scaled.jpg','https://m.media-amazon.com/images/M/MV5BM2I4Y2MxMjktY2RlZi00NmYzLWI2MjUtNTViYzFhYzJlMDc1XkEyXkFqcGdeQXVyODkyNzkyMjM@._V1_.jpg',7,'The story of the man who receives a wedding invitation from his first love that he met in high school.','2018','On Your Wedding Day','https://www.youtube.com/embed/QJEe_JEhvw8',5,10),(44,'Park Bo-young, Kim Young-kwang, Kang Ki-young','Lee Seok-geun','https://rollingstoneindia.com/wp-content/uploads/2023/08/On-Your-Wedding-Day-Poster-HanCinema-scaled.jpg','https://m.media-amazon.com/images/M/MV5BM2I4Y2MxMjktY2RlZi00NmYzLWI2MjUtNTViYzFhYzJlMDc1XkEyXkFqcGdeQXVyODkyNzkyMjM@._V1_.jpg',7,'The story of the man who receives a wedding invitation from his first love that he met in high school.','2018','On Your Wedding Day','https://www.youtube.com/embed/QJEe_JEhvw8',5,6),(45,'Park Seo-joon, Kang Ha-neul, Ha-seon Park','Joo-hwan Kim','https://lynlynsays.files.wordpress.com/2018/08/6c365e20-52eb-4305-bf6c-cd4ef4e58299.jpg','https://m.media-amazon.com/images/M/MV5BYzVkNGViYjgtYjdhMC00M2ZlLThmYzAtYmRmNWVjODhjMGM2XkEyXkFqcGdeQXVyMTA4NjE0NjEy._V1_.jpg',7.3,'Two friends who are students at Korean National Police University, find themselves in an endless race against time after they witness a kidnapping and decide to use their knowledge.','2017','Midnight Runners','https://www.youtube.com/embed/cyVk51ksx4o',5,1),(46,'Park Seo-joon, Kang Ha-neul, Ha-seon Park','Joo-hwan Kim','https://lynlynsays.files.wordpress.com/2018/08/6c365e20-52eb-4305-bf6c-cd4ef4e58299.jpg','https://m.media-amazon.com/images/M/MV5BYzVkNGViYjgtYjdhMC00M2ZlLThmYzAtYmRmNWVjODhjMGM2XkEyXkFqcGdeQXVyMTA4NjE0NjEy._V1_.jpg',7.3,'Two friends who are students at Korean National Police University, find themselves in an endless race against time after they witness a kidnapping and decide to use their knowledge.','2017','Midnight Runners','https://www.youtube.com/embed/cyVk51ksx4o',5,4),(47,'Park Seo-joon, Kang Ha-neul, Ha-seon Park','Joo-hwan Kim','https://lynlynsays.files.wordpress.com/2018/08/6c365e20-52eb-4305-bf6c-cd4ef4e58299.jpg','https://m.media-amazon.com/images/M/MV5BYzVkNGViYjgtYjdhMC00M2ZlLThmYzAtYmRmNWVjODhjMGM2XkEyXkFqcGdeQXVyMTA4NjE0NjEy._V1_.jpg',7.3,'Two friends who are students at Korean National Police University, find themselves in an endless race against time after they witness a kidnapping and decide to use their knowledge.','2017','Midnight Runners','https://www.youtube.com/embed/cyVk51ksx4o',5,5),(48,'Dongyu Zhou, Jackson Yee, Fang Yin','Derek Tsang','https://metadata-static.plex.tv/e/gracenote/ea8c787f29e3648305b6adb1a0607a49.jpg','https://m.media-amazon.com/images/M/MV5BNjg2NjA0NWMtMWIyZC00MGY0LTg2YzUtZjU4NWY2YzM3ZDU3XkEyXkFqcGdeQXVyNzI1NzMxNzM@._V1_.jpg',7.6,'While she copes the the pressures of her final examinations, a bullied teenage girl forms an unlikely friendship with a mysterious young man who protects her from her assailants.','2019','Better Days','https://www.youtube.com/embed/E82xfU1Ptaw',6,5),(49,'Dongyu Zhou, Jackson Yee, Fang Yin','Derek Tsang','https://metadata-static.plex.tv/e/gracenote/ea8c787f29e3648305b6adb1a0607a49.jpg','https://m.media-amazon.com/images/M/MV5BNjg2NjA0NWMtMWIyZC00MGY0LTg2YzUtZjU4NWY2YzM3ZDU3XkEyXkFqcGdeQXVyNzI1NzMxNzM@._V1_.jpg',7.6,'While she copes the the pressures of her final examinations, a bullied teenage girl forms an unlikely friendship with a mysterious young man who protects her from her assailants.','2019','Better Days','https://www.youtube.com/embed/E82xfU1Ptaw',6,6),(50,'Dongyu Zhou, Jackson Yee, Fang Yin','Derek Tsang','https://metadata-static.plex.tv/e/gracenote/ea8c787f29e3648305b6adb1a0607a49.jpg','https://m.media-amazon.com/images/M/MV5BNjg2NjA0NWMtMWIyZC00MGY0LTg2YzUtZjU4NWY2YzM3ZDU3XkEyXkFqcGdeQXVyNzI1NzMxNzM@._V1_.jpg',7.6,'While she copes the the pressures of her final examinations, a bullied teenage girl forms an unlikely friendship with a mysterious young man who protects her from her assailants.','2019','Better Days','https://www.youtube.com/embed/E82xfU1Ptaw',6,10),(51,'Wang An Yu, Julia Xiang, Chen Ze','Wen De Guang','https://blognhanpham.com/wp-content/uploads/2021/01/review-tram-nam-hoa-hop-uoc-dinh-mot-loi-2020.jpg','https://m.media-amazon.com/images/M/MV5BMWUxNDFiMjAtZjAzMi00YjVlLTkxNzEtNjE3OWZlMTE3Y2QzXkEyXkFqcGdeQXVyNjYzNzcyNTQ@._V1_.jpg',8.4,'Xia Lin Xi\'s senior year of high school was as perfect as anyone could ever hope. With good friends, good grades, and a bright future ahead of her, she was ready to face whatever life brought her way with confidence and a smile.','2020','Forever Love','https://www.youtube.com/embed/mfgJRoH7lsI',6,10),(52,'Wang An Yu, Julia Xiang, Chen Ze','Wen De Guang','https://blognhanpham.com/wp-content/uploads/2021/01/review-tram-nam-hoa-hop-uoc-dinh-mot-loi-2020.jpg','https://m.media-amazon.com/images/M/MV5BMWUxNDFiMjAtZjAzMi00YjVlLTkxNzEtNjE3OWZlMTE3Y2QzXkEyXkFqcGdeQXVyNjYzNzcyNTQ@._V1_.jpg',8.4,'Xia Lin Xi\'s senior year of high school was as perfect as anyone could ever hope. With good friends, good grades, and a bright future ahead of her, she was ready to face whatever life brought her way with confidence and a smile.','2020','Forever Love','https://www.youtube.com/embed/mfgJRoH7lsI',6,6),(53,'Wang An Yu, Julia Xiang, Chen Ze','Wen De Guang','https://blognhanpham.com/wp-content/uploads/2021/01/review-tram-nam-hoa-hop-uoc-dinh-mot-loi-2020.jpg','https://m.media-amazon.com/images/M/MV5BMWUxNDFiMjAtZjAzMi00YjVlLTkxNzEtNjE3OWZlMTE3Y2QzXkEyXkFqcGdeQXVyNjYzNzcyNTQ@._V1_.jpg',8.4,'Xia Lin Xi\'s senior year of high school was as perfect as anyone could ever hope. With good friends, good grades, and a bright future ahead of her, she was ready to face whatever life brought her way with confidence and a smile.','2020','Forever Love','https://www.youtube.com/embed/mfgJRoH7lsI',6,4),(54,'Chen Fei Yu, Zhang Jing Yi, Zhao Zhi Wei','Liu Jun Jie','https://1.vikiplatform.com/c/38726c/670adc9e0e.jpg','https://m.media-amazon.com/images/M/MV5BNWNhZTU3NGItMGU0MC00NDY3LWJmNWItYTRiMGEwZTNlMjhiXkEyXkFqcGdeQXVyMjI2ODE1NTA@._V1_FMjpg_UX1000_.jpg',8.2,'Zhu Yun\'s college life has just begun, but is disrupted by the arrival of the bad boy, Li Xun, who turns her world upside down.','2022','Lighter & Princess','https://www.youtube.com/embed/sr4TxUqSbDY',6,6),(55,'Chen Fei Yu, Zhang Jing Yi, Zhao Zhi Wei','Liu Jun Jie','https://1.vikiplatform.com/c/38726c/670adc9e0e.jpg','https://m.media-amazon.com/images/M/MV5BNWNhZTU3NGItMGU0MC00NDY3LWJmNWItYTRiMGEwZTNlMjhiXkEyXkFqcGdeQXVyMjI2ODE1NTA@._V1_FMjpg_UX1000_.jpg',8.2,'Zhu Yun\'s college life has just begun, but is disrupted by the arrival of the bad boy, Li Xun, who turns her world upside down.','2022','Lighter & Princess','https://www.youtube.com/embed/sr4TxUqSbDY',6,10),(56,'Chen Fei Yu, Zhang Jing Yi, Zhao Zhi Wei','Liu Jun Jie','https://1.vikiplatform.com/c/38726c/670adc9e0e.jpg','https://m.media-amazon.com/images/M/MV5BNWNhZTU3NGItMGU0MC00NDY3LWJmNWItYTRiMGEwZTNlMjhiXkEyXkFqcGdeQXVyMjI2ODE1NTA@._V1_FMjpg_UX1000_.jpg',8.2,'Zhu Yun\'s college life has just begun, but is disrupted by the arrival of the bad boy, Li Xun, who turns her world upside down.','2022','Lighter & Princess','https://www.youtube.com/embed/sr4TxUqSbDY',6,8),(57,'Dave Callaham','Justin K. Thompson','https://i0.wp.com/halcyonrealms.com/blogpics/spidyv2posters05.jpg?resize=750%2C329&ssl=1','https://pbs.twimg.com/media/Fu2V03SWAAEzMEU?format=jpg&name=4096x4096',8.7,'Miles Morales catapults across the Multiverse, where he encounters a team of Spider-People charged with protecting its very existence. When the heroes clash on how to handle a new threat, Miles must redefine what it means to be a hero.','2023','Spider-Man: Across the Spider-Verse','https://www.youtube.com/embed/cqGjhVJWtEg',1,3),(58,'Dave Callaham','Justin K. Thompson','https://i0.wp.com/halcyonrealms.com/blogpics/spidyv2posters05.jpg?resize=750%2C329&ssl=1','https://pbs.twimg.com/media/Fu2V03SWAAEzMEU?format=jpg&name=4096x4096',8.7,'Miles Morales catapults across the Multiverse, where he encounters a team of Spider-People charged with protecting its very existence. When the heroes clash on how to handle a new threat, Miles must redefine what it means to be a hero.','2023','Spider-Man: Across the Spider-Verse','https://www.youtube.com/embed/cqGjhVJWtEg',1,1),(59,'Dave Callaham','Justin K. Thompson','https://i0.wp.com/halcyonrealms.com/blogpics/spidyv2posters05.jpg?resize=750%2C329&ssl=1','https://pbs.twimg.com/media/Fu2V03SWAAEzMEU?format=jpg&name=4096x4096',8.7,'Miles Morales catapults across the Multiverse, where he encounters a team of Spider-People charged with protecting its very existence. When the heroes clash on how to handle a new threat, Miles must redefine what it means to be a hero.','2023','Spider-Man: Across the Spider-Verse','https://www.youtube.com/embed/cqGjhVJWtEg',1,2),(60,'Tahar Rahim','Ridley Scott','https://koicine.com/wp-content/uploads/2023/11/phim-De-Che-Napoleon-1140x570.jpg','https://rapchieuphim.com/photos/9/de-che-napoleon-thumb.jpg',6.6,'An epic that details the checkered rise and fall of French Emperor Napoleon Bonaparte and his relentless journey to power through the prism of his addictive, volatile relationship with his wife, Josephine.','2023','Đế Chế Napoleon','https://www.youtube.com/embed/jcHOy5PARhY',1,2),(61,'Tahar Rahim','Ridley Scott','https://koicine.com/wp-content/uploads/2023/11/phim-De-Che-Napoleon-1140x570.jpg','https://rapchieuphim.com/photos/9/de-che-napoleon-thumb.jpg',6.6,'An epic that details the checkered rise and fall of French Emperor Napoleon Bonaparte and his relentless journey to power through the prism of his addictive, volatile relationship with his wife, Josephine.','2023','Đế Chế Napoleon','https://www.youtube.com/embed/jcHOy5PARhY',1,1),(62,'Viola Davis','Francis Lawrence','https://img.englishcinemakyiv.com/zgYM9UO97f2m5v3tu14TtwLnlRjUs_-D5ZNKEzx4SPY/resize:fill:800:450:1:0/gravity:sm/aHR0cHM6Ly9leHBhdGNpbmVtYXByb2QuYmxvYi5jb3JlLndpbmRvd3MubmV0L2ltYWdlcy81NWM4ZGY1Ny04MzcwLTQ5MDgtYmY2MC1mOWFkNjljMDljMjAuanBn.jpg','https://www.panempropaganda.com/storage/thumbnails/19291497-22166710-thumbnail.jpg?__SQUARESPACE_CACHEVERSION=1694028234835',7.2,'Coriolanus Snow mentors and develops feelings for the female District 12 tribute during the 10th Hunger Games.','2023','The Hunger Games: The Ballad of Songbirds & Snakes','https://www.youtube.com/embed/NxW_X4kzeus',1,1),(63,'Viola Davis','Francis Lawrence','https://img.englishcinemakyiv.com/zgYM9UO97f2m5v3tu14TtwLnlRjUs_-D5ZNKEzx4SPY/resize:fill:800:450:1:0/gravity:sm/aHR0cHM6Ly9leHBhdGNpbmVtYXByb2QuYmxvYi5jb3JlLndpbmRvd3MubmV0L2ltYWdlcy81NWM4ZGY1Ny04MzcwLTQ5MDgtYmY2MC1mOWFkNjljMDljMjAuanBn.jpg','https://www.panempropaganda.com/storage/thumbnails/19291497-22166710-thumbnail.jpg?__SQUARESPACE_CACHEVERSION=1694028234835',7.2,'Coriolanus Snow mentors and develops feelings for the female District 12 tribute during the 10th Hunger Games.','2023','The Hunger Games: The Ballad of Songbirds & Snakes','https://www.youtube.com/embed/NxW_X4kzeus',1,6),(64,' Cillian Murphy','Christopher Nolan','https://www.oppenheimermovie.com/meta/meta-v3-en_US.jpg','https://m.media-amazon.com/images/M/MV5BMDBmYTZjNjUtN2M1MS00MTQ2LTk2ODgtNzc2M2QyZGE5NTVjXkEyXkFqcGdeQXVyNzAwMjU2MTY@._V1_FMjpg_UX1000_.jpg',8.5,'The story of American scientist, J. Robert Oppenheimer, and his role in the development of the atomic bomb.','2023','Oppenheimer','https://www.youtube.com/embed/uYPbbksJxIg',1,6),(65,'Kit Harington',' David Benioff','https://cdn.europosters.eu/image/hp/65920.jpg','https://i.insider.com/5ceff67a594ea5616c35be4a?width=750&format=jpeg&auto=webp',9.2,'Nine noble families fight for control over the lands of Westeros, while an ancient enemy returns after being dormant for a millennia.','2019','Game of Thrones','https://www.youtube.com/embed/nPh8wJnkJK0',1,6),(66,'Kit Harington',' David Benioff','https://cdn.europosters.eu/image/hp/65920.jpg','https://i.insider.com/5ceff67a594ea5616c35be4a?width=750&format=jpeg&auto=webp',9.2,'Nine noble families fight for control over the lands of Westeros, while an ancient enemy returns after being dormant for a millennia.','2019','Game of Thrones','https://www.youtube.com/embed/nPh8wJnkJK0',1,2),(67,'Cecily Strong','David Wachtenheim','https://cdn.whats-on-netflix.com/wp-content/uploads/2023/08/23090336/leo-netflix-movie-adam-sandler-everything-we-know-so-far-min.jpg','https://cdn.whats-on-netflix.com/wp-content/uploads/2023/08/23090618/EN-US-LEO-Teaser-BreakingOut-Vertical-27x40-sRGB-PRE-min.jpg',7,'A 74-year-old lizard named Leo and his turtle friend decide to escape from the terrarium of a Florida school classroom where they have been living for decades.','2023','Leo','https://www.youtube.com/embed/G_AEL-Xo5l8',1,8),(68,'Cecily Strong','David Wachtenheim','https://cdn.whats-on-netflix.com/wp-content/uploads/2023/08/23090336/leo-netflix-movie-adam-sandler-everything-we-know-so-far-min.jpg','https://cdn.whats-on-netflix.com/wp-content/uploads/2023/08/23090618/EN-US-LEO-Teaser-BreakingOut-Vertical-27x40-sRGB-PRE-min.jpg',7,'A 74-year-old lizard named Leo and his turtle friend decide to escape from the terrarium of a Florida school classroom where they have been living for decades.','2023','Leo','https://www.youtube.com/embed/G_AEL-Xo5l8',1,3),(69,'Tom Hiddleston','Michael Waldron','https://assets-prd.ignimgs.com/2023/11/15/streamingwars-loki-blogroll-1700009821295.jpg','https://m.media-amazon.com/images/M/MV5BNTY1ZDQzNzQtZGM1Yy00YjRhLTliYmMtOGM2OWFlYTRjOTc2XkEyXkFqcGdeQXVyMTY3MDE5MDY1._V1_.jpg',8.2,'The mercurial villain Loki resumes his role as the God of Mischief in a new series that takes place after the events of “Avengers: Endgame.”','2023','Loki','https://www.youtube.com/embed/dug56u8NN7g',1,1),(70,'Tom Hiddleston','Michael Waldron','https://assets-prd.ignimgs.com/2023/11/15/streamingwars-loki-blogroll-1700009821295.jpg','https://m.media-amazon.com/images/M/MV5BNTY1ZDQzNzQtZGM1Yy00YjRhLTliYmMtOGM2OWFlYTRjOTc2XkEyXkFqcGdeQXVyMTY3MDE5MDY1._V1_.jpg',8.2,'The mercurial villain Loki resumes his role as the God of Mischief in a new series that takes place after the events of “Avengers: Endgame.”','2023','Loki','https://www.youtube.com/embed/dug56u8NN7g',1,6),(71,'Tom Hiddleston','Michael Waldron','https://assets-prd.ignimgs.com/2023/11/15/streamingwars-loki-blogroll-1700009821295.jpg','https://m.media-amazon.com/images/M/MV5BNTY1ZDQzNzQtZGM1Yy00YjRhLTliYmMtOGM2OWFlYTRjOTc2XkEyXkFqcGdeQXVyMTY3MDE5MDY1._V1_.jpg',8.2,'The mercurial villain Loki resumes his role as the God of Mischief in a new series that takes place after the events of “Avengers: Endgame.”','2023','Loki','https://www.youtube.com/embed/dug56u8NN7g',1,2),(72,'Mackenyu','Matt Owens','https://static.promediateknologi.id/crop/0x0:0x0/750x500/webp/photo/2023/07/23/One-Piece-Live-Action-743621036.jpg','https://voz.vn/proxy.php?image=https%3A%2F%2Fimages2.imgbox.com%2F36%2F89%2FVihgMMaJ_o.jpg&hash=8bdca0f7aabaa89d19aff02a140dcf07',8.4,'In a seafaring world, a young pirate captain sets out with his crew to attain the title of Pirate King, and to discover the mythical treasure known as \'One Piece.\'','2023','One Piece','https://www.youtube.com/embed/Ades3pQbeh8',1,2),(73,'Mackenyu','Matt Owens','https://static.promediateknologi.id/crop/0x0:0x0/750x500/webp/photo/2023/07/23/One-Piece-Live-Action-743621036.jpg','https://voz.vn/proxy.php?image=https%3A%2F%2Fimages2.imgbox.com%2F36%2F89%2FVihgMMaJ_o.jpg&hash=8bdca0f7aabaa89d19aff02a140dcf07',8.4,'In a seafaring world, a young pirate captain sets out with his crew to attain the title of Pirate King, and to discover the mythical treasure known as \'One Piece.\'','2023','One Piece','https://www.youtube.com/embed/Ades3pQbeh8',1,4),(74,'Graham McTavish','George R.R. Martin','https://i.imgur.com//ZYORLcN.jpg','https://bazaarvietnam.vn/wp-content/uploads/2022/08/harper-bazaar-review-phim-gia-toc-rong-house-of-the-dragon-14.png',8.5,'An internal succession war within House Targaryen at the height of its power, 172 years before the birth of Daenerys Targaryen.','2022','House of the Dragon','https://www.youtube.com/embed/DotnJ7tTA34',1,6),(75,'Graham McTavish','George R.R. Martin','https://i.imgur.com//ZYORLcN.jpg','https://bazaarvietnam.vn/wp-content/uploads/2022/08/harper-bazaar-review-phim-gia-toc-rong-house-of-the-dragon-14.png',8.5,'An internal succession war within House Targaryen at the height of its power, 172 years before the birth of Daenerys Targaryen.','2022','House of the Dragon','https://www.youtube.com/embed/DotnJ7tTA34',1,1),(76,'Michelle Rodriguez',' Rob Cohen','https://c4.wallpaperflare.com/wallpaper/386/897/294/movies-fast-and-furious-dwayne-johnson-paul-walker-wallpaper-thumb.jpg','https://i.pinimg.com/736x/8b/ba/74/8bba7470a3db15cff42caedf93d0118a.jpg',6.8,'Los Angeles police officer Brian O\'Conner must decide where his loyalty really lies when he becomes enamored with the street racing world he has been sent undercover to destroy.','2001','The Fast and the Furious','https://www.youtube.com/embed/2TAOizOnNPo',1,5),(77,'Michelle Rodriguez',' Rob Cohen','https://c4.wallpaperflare.com/wallpaper/386/897/294/movies-fast-and-furious-dwayne-johnson-paul-walker-wallpaper-thumb.jpg','https://i.pinimg.com/736x/8b/ba/74/8bba7470a3db15cff42caedf93d0118a.jpg',6.8,'Los Angeles police officer Brian O\'Conner must decide where his loyalty really lies when he becomes enamored with the street racing world he has been sent undercover to destroy.','2001','The Fast and the Furious','https://www.youtube.com/embed/2TAOizOnNPo',1,13),(78,' Daniel Radcliffe',' Chris Columbus','https://www.proprofs.com/quiz-school/topic_images/p1bhr84ns65u8lebg01fis9lk3.jpg','https://e1.pxfuel.com/desktop-wallpaper/446/546/desktop-wallpaper-harry-potter-vertical.jpg',7.6,'An orphaned boy enrolls in a school of wizardry, where he learns the truth about himself, his family and the terrible evil that haunts the magical world.','2001','Harry Potter and the Sorcerer\'s Stone','https://www.youtube.com/embed/VyHV0BRtdxo',2,2),(79,' Daniel Radcliffe',' Chris Columbus','https://www.proprofs.com/quiz-school/topic_images/p1bhr84ns65u8lebg01fis9lk3.jpg','https://e1.pxfuel.com/desktop-wallpaper/446/546/desktop-wallpaper-harry-potter-vertical.jpg',7.6,'An orphaned boy enrolls in a school of wizardry, where he learns the truth about himself, his family and the terrible evil that haunts the magical world.','2001','Harry Potter and the Sorcerer\'s Stone','https://www.youtube.com/embed/VyHV0BRtdxo',2,7),(80,' Daniel Radcliffe',' Chris Columbus','https://www.proprofs.com/quiz-school/topic_images/p1bhr84ns65u8lebg01fis9lk3.jpg','https://e1.pxfuel.com/desktop-wallpaper/446/546/desktop-wallpaper-harry-potter-vertical.jpg',7.6,'An orphaned boy enrolls in a school of wizardry, where he learns the truth about himself, his family and the terrible evil that haunts the magical world.','2001','Harry Potter and the Sorcerer\'s Stone','https://www.youtube.com/embed/VyHV0BRtdxo',2,8),(81,'Rupert Grint',' Mike Newell','https://img.usanetwork.com/files/images/2019/5/29/HarryPotterAndTheGobletOfFire-S4-KeyArt-Logo-Show-Tile-1920x1080.jpg','https://m.media-amazon.com/images/I/71opdcUCGjL._AC_UF894,1000_QL80_.jpg',7.7,'Harry Potter finds himself competing in a hazardous tournament between rival schools of magic, but he is distracted by recurring nightmares.','2005','Harry Potter and the Goblet of Fire','https://www.youtube.com/embed/3EGojp4Hh6I',2,8),(82,'Rupert Grint',' Mike Newell','https://img.usanetwork.com/files/images/2019/5/29/HarryPotterAndTheGobletOfFire-S4-KeyArt-Logo-Show-Tile-1920x1080.jpg','https://m.media-amazon.com/images/I/71opdcUCGjL._AC_UF894,1000_QL80_.jpg',7.7,'Harry Potter finds himself competing in a hazardous tournament between rival schools of magic, but he is distracted by recurring nightmares.','2005','Harry Potter and the Goblet of Fire','https://www.youtube.com/embed/3EGojp4Hh6I',2,7),(83,'Rupert Grint',' Mike Newell','https://img.usanetwork.com/files/images/2019/5/29/HarryPotterAndTheGobletOfFire-S4-KeyArt-Logo-Show-Tile-1920x1080.jpg','https://m.media-amazon.com/images/I/71opdcUCGjL._AC_UF894,1000_QL80_.jpg',7.7,'Harry Potter finds himself competing in a hazardous tournament between rival schools of magic, but he is distracted by recurring nightmares.','2005','Harry Potter and the Goblet of Fire','https://www.youtube.com/embed/3EGojp4Hh6I',2,2),(84,'Emma Watson','Alfonso Cuaron','https://res.cloudinary.com/jerrick/image/upload/d_642250b563292b35f27461a7.png,f_jpg,fl_progressive,q_auto,w_1024/5ff2adcd7c6942001cf654ad.jpg','https://m.media-amazon.com/images/M/MV5BMTY4NTIwODg0N15BMl5BanBnXkFtZTcwOTc0MjEzMw@@._V1_.jpg',7.9,'Harry Potter, Ron and Hermione return to Hogwarts School of Witchcraft and Wizardry for their third year of study, where they delve into the mystery surrounding an escaped prisoner who poses a dangerous threat to the young wizard.','2004','Harry Potter and the Prisoner of Azkaban','https://www.youtube.com/embed/1ZdlAg3j8nI',2,8),(85,'Emma Watson','Alfonso Cuaron','https://res.cloudinary.com/jerrick/image/upload/d_642250b563292b35f27461a7.png,f_jpg,fl_progressive,q_auto,w_1024/5ff2adcd7c6942001cf654ad.jpg','https://m.media-amazon.com/images/M/MV5BMTY4NTIwODg0N15BMl5BanBnXkFtZTcwOTc0MjEzMw@@._V1_.jpg',7.9,'Harry Potter, Ron and Hermione return to Hogwarts School of Witchcraft and Wizardry for their third year of study, where they delve into the mystery surrounding an escaped prisoner who poses a dangerous threat to the young wizard.','2004','Harry Potter and the Prisoner of Azkaban','https://www.youtube.com/embed/1ZdlAg3j8nI',2,2),(86,'Emma Watson','Alfonso Cuaron','https://res.cloudinary.com/jerrick/image/upload/d_642250b563292b35f27461a7.png,f_jpg,fl_progressive,q_auto,w_1024/5ff2adcd7c6942001cf654ad.jpg','https://m.media-amazon.com/images/M/MV5BMTY4NTIwODg0N15BMl5BanBnXkFtZTcwOTc0MjEzMw@@._V1_.jpg',7.9,'Harry Potter, Ron and Hermione return to Hogwarts School of Witchcraft and Wizardry for their third year of study, where they delve into the mystery surrounding an escaped prisoner who poses a dangerous threat to the young wizard.','2004','Harry Potter and the Prisoner of Azkaban','https://www.youtube.com/embed/1ZdlAg3j8nI',2,7),(87,' Daniel Radcliffe',' Chris Columbus','https://thegateway.org/content/Images/ShowPages/2021/DriveIn/ChamberOfSecrets_Slide.jpg','https://roost.nbcuni.com/bin/viewasset.html/content/dam/Peacock/Landing-Pages/2-0-design/harrypotter/hp2/hp2-vertical-art.jpg/_jcr_content/renditions/original.JPEG',7.4,'An ancient prophecy seems to be coming true when a mysterious presence begins stalking the corridors of a school of magic and leaving its victims paralyzed.','2002','Harry Potter and the Chamber of Secrets','https://www.youtube.com/embed/jBltxS8HfQ4',2,2),(88,' Daniel Radcliffe',' Chris Columbus','https://thegateway.org/content/Images/ShowPages/2021/DriveIn/ChamberOfSecrets_Slide.jpg','https://roost.nbcuni.com/bin/viewasset.html/content/dam/Peacock/Landing-Pages/2-0-design/harrypotter/hp2/hp2-vertical-art.jpg/_jcr_content/renditions/original.JPEG',7.4,'An ancient prophecy seems to be coming true when a mysterious presence begins stalking the corridors of a school of magic and leaving its victims paralyzed.','2002','Harry Potter and the Chamber of Secrets','https://www.youtube.com/embed/jBltxS8HfQ4',2,8),(89,' Daniel Radcliffe',' Chris Columbus','https://thegateway.org/content/Images/ShowPages/2021/DriveIn/ChamberOfSecrets_Slide.jpg','https://roost.nbcuni.com/bin/viewasset.html/content/dam/Peacock/Landing-Pages/2-0-design/harrypotter/hp2/hp2-vertical-art.jpg/_jcr_content/renditions/original.JPEG',7.4,'An ancient prophecy seems to be coming true when a mysterious presence begins stalking the corridors of a school of magic and leaving its victims paralyzed.','2002','Harry Potter and the Chamber of Secrets','https://www.youtube.com/embed/jBltxS8HfQ4',2,7),(90,'Daniel Radcliffe',' David Yates','https://product.hstatic.net/1000352072/product/harry-potter-va-hoi-phuong-hoang-640_9a361e8008f44436b31258761e38ed5a_master.jpg','https://m.media-amazon.com/images/M/MV5BOTA3MmRmZDgtOWU1Ny00ZDc5LWFkN2YtNzNlY2UxZmY0N2IyXkEyXkFqcGdeQXVyNTIzOTk5ODM@._V1_.jpg',7.5,'With their warning about Lord Voldemort\'s return scoffed at, Harry and Dumbledore are targeted by the Wizard authorities as an authoritarian bureaucrat slowly seizes power at Hogwarts.','2007','Harry Potter and the Order of the Phoenix','https://www.youtube.com/embed/WIj9DYJ5EKk',2,2),(91,'Daniel Radcliffe',' David Yates','https://product.hstatic.net/1000352072/product/harry-potter-va-hoi-phuong-hoang-640_9a361e8008f44436b31258761e38ed5a_master.jpg','https://m.media-amazon.com/images/M/MV5BOTA3MmRmZDgtOWU1Ny00ZDc5LWFkN2YtNzNlY2UxZmY0N2IyXkEyXkFqcGdeQXVyNTIzOTk5ODM@._V1_.jpg',7.5,'With their warning about Lord Voldemort\'s return scoffed at, Harry and Dumbledore are targeted by the Wizard authorities as an authoritarian bureaucrat slowly seizes power at Hogwarts.','2007','Harry Potter and the Order of the Phoenix','https://www.youtube.com/embed/WIj9DYJ5EKk',2,1),(92,'Daniel Radcliffe',' David Yates','https://product.hstatic.net/1000352072/product/harry-potter-va-hoi-phuong-hoang-640_9a361e8008f44436b31258761e38ed5a_master.jpg','https://m.media-amazon.com/images/M/MV5BOTA3MmRmZDgtOWU1Ny00ZDc5LWFkN2YtNzNlY2UxZmY0N2IyXkEyXkFqcGdeQXVyNTIzOTk5ODM@._V1_.jpg',7.5,'With their warning about Lord Voldemort\'s return scoffed at, Harry and Dumbledore are targeted by the Wizard authorities as an authoritarian bureaucrat slowly seizes power at Hogwarts.','2007','Harry Potter and the Order of the Phoenix','https://www.youtube.com/embed/WIj9DYJ5EKk',2,8),(93,'Daniel Radcliffe',' David Yates','https://roost.nbcuni.com/bin/viewasset.html/content/dam/Peacock/Landing-Pages/2-0-design/harrypotter/hp8/hp8-seo-hero-mobile.jpg/_jcr_content/renditions/original.JPEG','https://m.media-amazon.com/images/M/MV5BMGVmMWNiMDktYjQ0Mi00MWIxLTk0N2UtN2ZlYTdkN2IzNDNlXkEyXkFqcGdeQXVyODE5NzE3OTE@._V1_.jpg',8.1,'Harry, Ron, and Hermione search for Voldemort\'s remaining Horcruxes in their effort to destroy the Dark Lord as the final battle rages on at Hogwarts.','2011','Harry Potter and the Deathly Hallows - Part 2','https://www.youtube.com/embed/mObK5XD8udk',2,7),(94,'Daniel Radcliffe',' David Yates','https://roost.nbcuni.com/bin/viewasset.html/content/dam/Peacock/Landing-Pages/2-0-design/harrypotter/hp8/hp8-seo-hero-mobile.jpg/_jcr_content/renditions/original.JPEG','https://m.media-amazon.com/images/M/MV5BMGVmMWNiMDktYjQ0Mi00MWIxLTk0N2UtN2ZlYTdkN2IzNDNlXkEyXkFqcGdeQXVyODE5NzE3OTE@._V1_.jpg',8.1,'Harry, Ron, and Hermione search for Voldemort\'s remaining Horcruxes in their effort to destroy the Dark Lord as the final battle rages on at Hogwarts.','2011','Harry Potter and the Deathly Hallows - Part 2','https://www.youtube.com/embed/mObK5XD8udk',2,8),(95,'Daniel Radcliffe',' David Yates','https://roost.nbcuni.com/bin/viewasset.html/content/dam/Peacock/Landing-Pages/2-0-design/harrypotter/hp8/hp8-seo-hero-mobile.jpg/_jcr_content/renditions/original.JPEG','https://m.media-amazon.com/images/M/MV5BMGVmMWNiMDktYjQ0Mi00MWIxLTk0N2UtN2ZlYTdkN2IzNDNlXkEyXkFqcGdeQXVyODE5NzE3OTE@._V1_.jpg',8.1,'Harry, Ron, and Hermione search for Voldemort\'s remaining Horcruxes in their effort to destroy the Dark Lord as the final battle rages on at Hogwarts.','2011','Harry Potter and the Deathly Hallows - Part 2','https://www.youtube.com/embed/mObK5XD8udk',2,2),(96,'Daniel Radcliffe','David Yates','https://www.kickassfacts.com/wp-content/uploads/2016/08/Harry-Potter-and-the-Half-Blood-Prince.jpg','https://m.media-amazon.com/images/M/MV5BNzU3NDg4NTAyNV5BMl5BanBnXkFtZTcwOTg2ODg1Mg@@._V1_.jpg',7.6,'As Harry Potter begins his sixth year at Hogwarts, he discovers an old book marked as \"the property of the Half-Blood Prince\" and begins to learn more about Lord Voldemort\'s dark past.','2009','Harry Potter and the Half-Blood Prince','https://www.youtube.com/embed/tAiy66Xrsz4',2,2),(97,'Daniel Radcliffe','David Yates','https://www.kickassfacts.com/wp-content/uploads/2016/08/Harry-Potter-and-the-Half-Blood-Prince.jpg','https://m.media-amazon.com/images/M/MV5BNzU3NDg4NTAyNV5BMl5BanBnXkFtZTcwOTg2ODg1Mg@@._V1_.jpg',7.6,'As Harry Potter begins his sixth year at Hogwarts, he discovers an old book marked as \"the property of the Half-Blood Prince\" and begins to learn more about Lord Voldemort\'s dark past.','2009','Harry Potter and the Half-Blood Prince','https://www.youtube.com/embed/tAiy66Xrsz4',2,8),(98,'Daniel Radcliffe','David Yates','https://www.kickassfacts.com/wp-content/uploads/2016/08/Harry-Potter-and-the-Half-Blood-Prince.jpg','https://m.media-amazon.com/images/M/MV5BNzU3NDg4NTAyNV5BMl5BanBnXkFtZTcwOTg2ODg1Mg@@._V1_.jpg',7.6,'As Harry Potter begins his sixth year at Hogwarts, he discovers an old book marked as \"the property of the Half-Blood Prince\" and begins to learn more about Lord Voldemort\'s dark past.','2009','Harry Potter and the Half-Blood Prince','https://www.youtube.com/embed/tAiy66Xrsz4',2,1),(99,'Daniel Radcliffe',' David Yates','https://www.pluggedin.com/wp-content/uploads/2019/12/harry-potter-deathly-hallows-part-1-1024x574.jpg','https://m.media-amazon.com/images/M/MV5BMTQ2OTE1Mjk0N15BMl5BanBnXkFtZTcwODE3MDAwNA@@._V1_.jpg',7.7,'As Harry, Ron and Hermione race against time and evil to destroy the Horcruxes, they uncover the existence of the three most powerful objects in the wizarding world: the Deathly Hallows.','2010','Harry Potter and the Deathly Hallows - Part 1','https://www.youtube.com/embed/MxqsmsA8y5k',2,8),(100,'Daniel Radcliffe',' David Yates','https://www.pluggedin.com/wp-content/uploads/2019/12/harry-potter-deathly-hallows-part-1-1024x574.jpg','https://m.media-amazon.com/images/M/MV5BMTQ2OTE1Mjk0N15BMl5BanBnXkFtZTcwODE3MDAwNA@@._V1_.jpg',7.7,'As Harry, Ron and Hermione race against time and evil to destroy the Horcruxes, they uncover the existence of the three most powerful objects in the wizarding world: the Deathly Hallows.','2010','Harry Potter and the Deathly Hallows - Part 1','https://www.youtube.com/embed/MxqsmsA8y5k',2,7),(101,'Daniel Radcliffe',' David Yates','https://www.pluggedin.com/wp-content/uploads/2019/12/harry-potter-deathly-hallows-part-1-1024x574.jpg','https://m.media-amazon.com/images/M/MV5BMTQ2OTE1Mjk0N15BMl5BanBnXkFtZTcwODE3MDAwNA@@._V1_.jpg',7.7,'As Harry, Ron and Hermione race against time and evil to destroy the Horcruxes, they uncover the existence of the three most powerful objects in the wizarding world: the Deathly Hallows.','2010','Harry Potter and the Deathly Hallows - Part 1','https://www.youtube.com/embed/MxqsmsA8y5k',2,2),(102,'Daniel Radcliffe','Eran Creevy','https://vmndims.binge.com.au/api/v2/img/61b7e64fe4b0f86c5379f4e6-1639627359827?location=hero&imwidth=2560','https://m.media-amazon.com/images/M/MV5BNTZkNWEyZTgtYzJlOS00OWNiLTgwZjMtZGU5NTRhNDNjOTRhXkEyXkFqcGdeQXVyNjk1Njg5NTA@._V1_.jpg',8,'Cast members from all \"Harry Potter\" films reunite in a retrospective special to celebrate the anniversary of the first film, including interviews and cast conversations.','2022','Harry Potter 20th Anniversary: Return to Hogwarts','https://www.youtube.com/embed/',2,8),(103,'Kenix Kwok','Wai Sing Wong','https://img.tvb.com/mytvs/poster/1169/h_116900_v1_o.jpg','https://m.media-amazon.com/images/M/MV5BOGVhNTFlYWEtNzIxNS00Mzk1LWJmYmQtNTgwODU0OGI4NzVhXkEyXkFqcGdeQXVyMjExMjk0ODk@._V1_FMjpg_UX1000_.jpg',7.7,'Detectives of the Hong Kong Police unearth the truth behind each crime they encounter.','1999','Detective Investigation Files','https://www.youtube.com/embed/x-b-Vefd9gQ',3,9),(104,'Bosco Wong','Man-Chung So','https://images-na.ssl-images-amazon.com/images/S/pv-target-images/f91e7d5b72bf31291d5c4e00ca71e8bdc879e283968c0b719954b8262abe2347._UY500_UX667_RI_TTW_.jpg','https://m.media-amazon.com/images/M/MV5BMTViYzE3ZjYtOTE2ZC00M2U3LWJkNjUtOGNlMTIyMGE3Y2U3XkEyXkFqcGdeQXVyNTI2MjQzMzQ@._V1_.jpg',8,'Behind every successful undercover police detective, there is an informant providing crucial intel. Leung Siu Tong (Michael Tse), known as \"Laughing,\" is an experienced undercover agent who returns from a long-term assignment in Mainland China to the Hong Kong Police\'s Criminal Intelligence Bureau (CIB) to teach new recruits.','2011','Lives of Omission','https://www.youtube.com/embed/f7jbr0pu-u8',3,1),(105,'Roger Kwok','Kin-man Cheung','https://artworks.thetvdb.com/banners/fanart/original/82007-1.jpg','https://m.media-amazon.com/images/M/MV5BZjdkNTMzMzgtODM1Yy00N2I4LTg0YTEtYzcyYzU2NmFiNTdmXkEyXkFqcGdeQXVyMjg0MTI5NzQ@._V1_FMjpg_UX1000_.jpg',7.7,'In the police force, \"Death Investigation Extension\" or \"D.I.E.\" was established to accommodate those who have been sent away by their supervisors. As everybody knows, members of the Extension are to investigate unsolved cold cases.','2008','Death Investigation Extension ','https://www.youtube.com/embed/_OI4Ufm2Yms',3,5),(106,'Roger Kwok','Kin-man Cheung','https://artworks.thetvdb.com/banners/fanart/original/82007-1.jpg','https://m.media-amazon.com/images/M/MV5BZjdkNTMzMzgtODM1Yy00N2I4LTg0YTEtYzcyYzU2NmFiNTdmXkEyXkFqcGdeQXVyMjg0MTI5NzQ@._V1_FMjpg_UX1000_.jpg',7.7,'In the police force, \"Death Investigation Extension\" or \"D.I.E.\" was established to accommodate those who have been sent away by their supervisors. As everybody knows, members of the Extension are to investigate unsolved cold cases.','2008','Death Investigation Extension ','https://www.youtube.com/embed/_OI4Ufm2Yms',3,4),(107,'Chingmy Yau',' Jing Wong','https://material.asset.catchplay.com/LTV-TW-001-A1030/artworks/posters/LTV-TW-001-A1030-P448.jpg?hash=1693474845','https://m.media-amazon.com/images/M/MV5BYjQyNGRmMzQtMjgwMC00ZWU3LWI2NDMtZjJiMjA0MzJiMjUwXkEyXkFqcGdeQXVyMTA0MTM5NjI2._V1_FMjpg_UX1000_.jpg',7.1,'The story of Wilson Bond, a pimp who after saving Chan, the leader of the Heaven and Earth society, a revolutionary group, is made a member. After a botched first assignment for the group, he is made a servant to the Prince, the very person the Heaven and Earth society want to overthrow. What follows is plenty of mayhem and laughter.','1992','Royal Tramp','https://www.youtube.com/embed/bBQD7KSjm1A',3,5),(108,'Chingmy Yau',' Jing Wong','https://material.asset.catchplay.com/LTV-TW-001-A1030/artworks/posters/LTV-TW-001-A1030-P448.jpg?hash=1693474845','https://m.media-amazon.com/images/M/MV5BYjQyNGRmMzQtMjgwMC00ZWU3LWI2NDMtZjJiMjA0MzJiMjUwXkEyXkFqcGdeQXVyMTA0MTM5NjI2._V1_FMjpg_UX1000_.jpg',7.1,'The story of Wilson Bond, a pimp who after saving Chan, the leader of the Heaven and Earth society, a revolutionary group, is made a member. After a botched first assignment for the group, he is made a servant to the Prince, the very person the Heaven and Earth society want to overthrow. What follows is plenty of mayhem and laughter.','1992','Royal Tramp','https://www.youtube.com/embed/bBQD7KSjm1A',3,1),(109,'Chingmy Yau',' Jing Wong','https://material.asset.catchplay.com/LTV-TW-001-A1030/artworks/posters/LTV-TW-001-A1030-P448.jpg?hash=1693474845','https://m.media-amazon.com/images/M/MV5BYjQyNGRmMzQtMjgwMC00ZWU3LWI2NDMtZjJiMjA0MzJiMjUwXkEyXkFqcGdeQXVyMTA0MTM5NjI2._V1_FMjpg_UX1000_.jpg',7.1,'The story of Wilson Bond, a pimp who after saving Chan, the leader of the Heaven and Earth society, a revolutionary group, is made a member. After a botched first assignment for the group, he is made a servant to the Prince, the very person the Heaven and Earth society want to overthrow. What follows is plenty of mayhem and laughter.','1992','Royal Tramp','https://www.youtube.com/embed/bBQD7KSjm1A',3,4),(110,' Donnie Yen','Wilson Yip','https://vhx.imgix.net/hi-yahtv/assets/2d691f23-5123-47cb-89de-5bf48fd53a26-9eb49a93.jpg?auto=format%2Ccompress&fit=crop&h=360&q=70&w=640','https://m.media-amazon.com/images/M/MV5BNTFmMjM3M2UtOTIyZC00Zjk3LTkzODUtYTdhNGRmNzFhYzcyXkEyXkFqcGdeQXVyMTMxODk2OTU@._V1_.jpg',8,'During the Japanese invasion of China, a wealthy martial artist is forced to leave his home when his city is occupied. With little means of providing for themselves, Ip Man and the remaining members of the city must find a way to survive.','2008','Ip Man','https://www.youtube.com/embed/RBYbqO_FUA4',3,1),(111,' Donnie Yen','Wilson Yip','https://vhx.imgix.net/hi-yahtv/assets/2d691f23-5123-47cb-89de-5bf48fd53a26-9eb49a93.jpg?auto=format%2Ccompress&fit=crop&h=360&q=70&w=640','https://m.media-amazon.com/images/M/MV5BNTFmMjM3M2UtOTIyZC00Zjk3LTkzODUtYTdhNGRmNzFhYzcyXkEyXkFqcGdeQXVyMTMxODk2OTU@._V1_.jpg',8,'During the Japanese invasion of China, a wealthy martial artist is forced to leave his home when his city is occupied. With little means of providing for themselves, Ip Man and the remaining members of the city must find a way to survive.','2008','Ip Man','https://www.youtube.com/embed/RBYbqO_FUA4',3,6),(112,' Jackie Chan',' Jackie Chan','https://assets.mubicdn.net/images/film/24928/image-w856.jpg?1445888277','https://m.media-amazon.com/images/M/MV5BMWJhZmI5ZWUtYjgyNy00NTk1LWIzODktYTE3NzQzNzJlOTgzXkEyXkFqcGdeQXVyMTMxODk2OTU@._V1_.jpg',7.5,'A virtuous Hong Kong Police Officer must clear his good name when the drug lord he is after frames him for the murder of a dirty cop.','1985','Police Story','https://www.youtube.com/embed/EpXMJ3wo0kI',3,1),(113,' Jackie Chan',' Jackie Chan','https://assets.mubicdn.net/images/film/24928/image-w856.jpg?1445888277','https://m.media-amazon.com/images/M/MV5BMWJhZmI5ZWUtYjgyNy00NTk1LWIzODktYTE3NzQzNzJlOTgzXkEyXkFqcGdeQXVyMTMxODk2OTU@._V1_.jpg',7.5,'A virtuous Hong Kong Police Officer must clear his good name when the drug lord he is after frames him for the murder of a dirty cop.','1985','Police Story','https://www.youtube.com/embed/RBYbqO_FUA4',3,4),(114,'Siu Ping-Lam',' Kar-Wai Wong','https://w0.peakpx.com/wallpaper/490/439/HD-wallpaper-movie-in-the-mood-for-love.jpg','https://m.media-amazon.com/images/I/712-Hx8FbrL._AC_UF1000,1000_QL80_.jpg',8.1,'Two neighbors form a strong bond after both suspect extramarital activities of their spouses. However, they agree to keep their bond platonic so as not to commit similar wrongs.','2000','In the Mood for Love','https://www.youtube.com/embed/dWVDZ98AFhI',3,10),(115,'Siu Ping-Lam',' Kar-Wai Wong','https://w0.peakpx.com/wallpaper/490/439/HD-wallpaper-movie-in-the-mood-for-love.jpg','https://m.media-amazon.com/images/I/712-Hx8FbrL._AC_UF1000,1000_QL80_.jpg',8.1,'Two neighbors form a strong bond after both suspect extramarital activities of their spouses. However, they agree to keep their bond platonic so as not to commit similar wrongs.','2000','In the Mood for Love','https://www.youtube.com/embed/dWVDZ98AFhI',3,6),(116,' Jet Li','Yimou Zhang','https://2.bp.blogspot.com/-xnOeT-OsZKg/VQCx5ekWwdI/AAAAAAAAC0k/0zVs_GKTCKY/s1600/Hero.jpg','https://m.media-amazon.com/images/M/MV5BMWQ2MjQ0OTctMWE1OC00NjZjLTk3ZDAtNTk3NTZiYWMxYTlmXkEyXkFqcGdeQXVyMTQxNzMzNDI@._V1_.jpg',7.9,'A defense officer, Nameless, was summoned by the King of Qin regarding his success of terminating three warriors.','2002','Hero','https://www.youtube.com/embed/MgsddFEe9Oc',3,2),(117,' Jet Li','Yimou Zhang','https://2.bp.blogspot.com/-xnOeT-OsZKg/VQCx5ekWwdI/AAAAAAAAC0k/0zVs_GKTCKY/s1600/Hero.jpg','https://m.media-amazon.com/images/M/MV5BMWQ2MjQ0OTctMWE1OC00NjZjLTk3ZDAtNTk3NTZiYWMxYTlmXkEyXkFqcGdeQXVyMTQxNzMzNDI@._V1_.jpg',7.9,'A defense officer, Nameless, was summoned by the King of Qin regarding his success of terminating three warriors.','2002','Hero','https://www.youtube.com/embed/MgsddFEe9Oc',3,6),(118,' Jet Li','Yimou Zhang','https://2.bp.blogspot.com/-xnOeT-OsZKg/VQCx5ekWwdI/AAAAAAAAC0k/0zVs_GKTCKY/s1600/Hero.jpg','https://m.media-amazon.com/images/M/MV5BMWQ2MjQ0OTctMWE1OC00NjZjLTk3ZDAtNTk3NTZiYWMxYTlmXkEyXkFqcGdeQXVyMTQxNzMzNDI@._V1_.jpg',7.9,'A defense officer, Nameless, was summoned by the King of Qin regarding his success of terminating three warriors.','2002','Hero','https://www.youtube.com/embed/MgsddFEe9Oc',3,1),(119,'Anthony Chau-Sang Wong','Alan Mak','https://pic1.iqiyipic.com/image/20200826/8a/56/v_149915280_m_601_zh-CN_m3_480_270.jpg','https://m.media-amazon.com/images/M/MV5BZWM1MTdhM2YtNjgwZS00YjQ3LTk3NTQtMzQ1NDE3YzZlODFlXkEyXkFqcGdeQXVyMTI3ODAyMzE2._V1_.jpg',8,'A story between a mole in the police department and an undercover cop. Their objectives are the same: to find out who is the mole, and who is the cop.','2002','Infernal Affairs','https://www.youtube.com/embed/NkzGhxCuIjs',3,5),(120,'Anthony Chau-Sang Wong','Alan Mak','https://pic1.iqiyipic.com/image/20200826/8a/56/v_149915280_m_601_zh-CN_m3_480_270.jpg','https://m.media-amazon.com/images/M/MV5BZWM1MTdhM2YtNjgwZS00YjQ3LTk3NTQtMzQ1NDE3YzZlODFlXkEyXkFqcGdeQXVyMTI3ODAyMzE2._V1_.jpg',8,'A story between a mole in the police department and an undercover cop. Their objectives are the same: to find out who is the mole, and who is the cop.','2002','Infernal Affairs','https://www.youtube.com/embed/NkzGhxCuIjs',3,6),(121,'Ayane Sakura',' Yuichi Fukushima','https://images.spiderum.com/sp-images/ea4199206fed11e8bdb95fb145f56f9c.jpg','https://m.media-amazon.com/images/M/MV5BYThlNWY5ZDgtYTIxNC00ZjdiLWJmNGUtMDFjMDlmZTAzOWFiXkEyXkFqcGdeQXVyNTM4NzAzNjc@._V1_.jpg',8.6,'A piano prodigy who lost his ability to play after suffering a traumatic event in his childhood is forced back into the spotlight by an eccentric girl with a secret of her own.','2014','Your lie in April','https://www.youtube.com/embed/3aL0gDZtFbE',4,4),(122,'Ayane Sakura',' Yuichi Fukushima','https://images.spiderum.com/sp-images/ea4199206fed11e8bdb95fb145f56f9c.jpg','https://m.media-amazon.com/images/M/MV5BYThlNWY5ZDgtYTIxNC00ZjdiLWJmNGUtMDFjMDlmZTAzOWFiXkEyXkFqcGdeQXVyNTM4NzAzNjc@._V1_.jpg',8.6,'A piano prodigy who lost his ability to play after suffering a traumatic event in his childhood is forced back into the spotlight by an eccentric girl with a secret of her own.','2014','Your lie in April','https://www.youtube.com/embed/3aL0gDZtFbE',4,3),(123,'Nana Mori',' Makoto Shinkai','https://sm.ign.com/t/ign_in/review/w/weathering/weathering-with-you-review_hp5e.1024.jpg','https://m.media-amazon.com/images/M/MV5BNzE4ZDEzOGUtYWFjNC00ODczLTljOGQtZGNjNzhjNjdjNjgzXkEyXkFqcGdeQXVyNzE5ODMwNzI@._V1_FMjpg_UX1000_.jpg',7.5,'Set during a period of exceptionally rainy weather, high-school boy Hodaka Morishima runs away from his troubled rural home to Tokyo and befriends an orphan girl who can manipulate the weather.','2019','Weathering with you','https://www.youtube.com/embed/Q6iK6DjV_iE',4,3),(124,'Nana Mori',' Makoto Shinkai','https://sm.ign.com/t/ign_in/review/w/weathering/weathering-with-you-review_hp5e.1024.jpg','https://m.media-amazon.com/images/M/MV5BNzE4ZDEzOGUtYWFjNC00ODczLTljOGQtZGNjNzhjNjdjNjgzXkEyXkFqcGdeQXVyNzE5ODMwNzI@._V1_FMjpg_UX1000_.jpg',7.5,'Set during a period of exceptionally rainy weather, high-school boy Hodaka Morishima runs away from his troubled rural home to Tokyo and befriends an orphan girl who can manipulate the weather.','2019','Weathering with you','https://www.youtube.com/embed/Q6iK6DjV_iE',4,6),(125,'Nana Mori',' Makoto Shinkai','https://sm.ign.com/t/ign_in/review/w/weathering/weathering-with-you-review_hp5e.1024.jpg','https://m.media-amazon.com/images/M/MV5BNzE4ZDEzOGUtYWFjNC00ODczLTljOGQtZGNjNzhjNjdjNjgzXkEyXkFqcGdeQXVyNzE5ODMwNzI@._V1_FMjpg_UX1000_.jpg',7.5,'Set during a period of exceptionally rainy weather, high-school boy Hodaka Morishima runs away from his troubled rural home to Tokyo and befriends an orphan girl who can manipulate the weather.','2019','Weathering with you','https://www.youtube.com/embed/Q6iK6DjV_iE',4,7),(126,'Eri Fukatsu',' Makoto Shinkai','https://www.kiyoua-news.de/wp-content/uploads/2022/12/Anime_News_Suzume_1.jpg','https://m.media-amazon.com/images/M/MV5BNGVkNDc3NjUtNTY5ZS00ZmE0LWE3YzctMDk2OTRlNTdiZWQwXkEyXkFqcGdeQXVyMTU3NDg0OTgx._V1_FMjpg_UX1000_.jpg',7.7,'A modern action adventure road story where a 17-year-old girl named Suzume helps a mysterious young man close doors from the other side that are releasing disasters all over in Japan.','2022','Suzume\'s Door-Locking','https://www.youtube.com/embed/5pTcio2hTSw',4,3),(127,'Eri Fukatsu',' Makoto Shinkai','https://www.kiyoua-news.de/wp-content/uploads/2022/12/Anime_News_Suzume_1.jpg','https://m.media-amazon.com/images/M/MV5BNGVkNDc3NjUtNTY5ZS00ZmE0LWE3YzctMDk2OTRlNTdiZWQwXkEyXkFqcGdeQXVyMTU3NDg0OTgx._V1_FMjpg_UX1000_.jpg',7.7,'A modern action adventure road story where a 17-year-old girl named Suzume helps a mysterious young man close doors from the other side that are releasing disasters all over in Japan.','2022','Suzume\'s Door-Locking','https://www.youtube.com/embed/5pTcio2hTSw',4,2),(128,'Fumi Hirano',' Makoto Shinkai','https://m.media-amazon.com/images/M/MV5BM2I1MzM2OTQtMGJiZS00NmQwLTgyMTYtNDhkZmQyNDBkM2Y1XkEyXkFqcGdeQXVyNzgxMzc3OTc@._V1_.jpg','https://m.media-amazon.com/images/M/MV5BMTJjZmQ5MGQtMWU0My00ZTMzLWFmNTMtNDgzNmU4Y2MxOGUxXkEyXkFqcGdeQXVyNTgyNTA4MjM@._V1_FMjpg_UX1000_.jpg',7.4,'A 15-year-old boy and 27-year-old woman find an unlikely friendship one rainy day in the Shinjuku Gyoen National Garden.','2013','The Garden of Words','https://www.youtube.com/embed/FMabhvDoolc',4,3),(129,'Fumi Hirano',' Makoto Shinkai','https://m.media-amazon.com/images/M/MV5BM2I1MzM2OTQtMGJiZS00NmQwLTgyMTYtNDhkZmQyNDBkM2Y1XkEyXkFqcGdeQXVyNzgxMzc3OTc@._V1_.jpg','https://m.media-amazon.com/images/M/MV5BMTJjZmQ5MGQtMWU0My00ZTMzLWFmNTMtNDgzNmU4Y2MxOGUxXkEyXkFqcGdeQXVyNTgyNTA4MjM@._V1_FMjpg_UX1000_.jpg',7.4,'A 15-year-old boy and 27-year-old woman find an unlikely friendship one rainy day in the Shinjuku Gyoen National Garden.','2013','The Garden of Words','https://www.youtube.com/embed/FMabhvDoolc',4,10),(130,'Akemi Okamura','Goro Taniguchi','https://cdn.popsww.com/blog/sites/2/2023/06/one-piece-red.jpg','https://m.media-amazon.com/images/M/MV5BODY4OWM5M2UtM2Y1Yi00YjAyLTlhMDktMDkzZjFmMjI5MmI5XkEyXkFqcGdeQXVyMTA1NjQyNjkw._V1_FMjpg_UX1000_.jpg',6.7,'For the first time ever, Uta - the most beloved singer in the world - will reveal herself to the world at a live concert. The voice that the whole world has been waiting for is about to resound.','2023','One Piece Film Red','https://www.youtube.com/embed/AmTUaFdTETc',4,2),(131,'Akemi Okamura','Goro Taniguchi','https://cdn.popsww.com/blog/sites/2/2023/06/one-piece-red.jpg','https://m.media-amazon.com/images/M/MV5BODY4OWM5M2UtM2Y1Yi00YjAyLTlhMDktMDkzZjFmMjI5MmI5XkEyXkFqcGdeQXVyMTA1NjQyNjkw._V1_FMjpg_UX1000_.jpg',6.7,'For the first time ever, Uta - the most beloved singer in the world - will reveal herself to the world at a live concert. The voice that the whole world has been waiting for is about to resound.','2023','One Piece Film Red','https://www.youtube.com/embed/AmTUaFdTETc',4,3),(132,'Rosalie Williams',' John Hawkesworth','https://maxestrellaeui.files.wordpress.com/2010/02/sherlock_holmes_movie_poster-11.jpg','https://m.media-amazon.com/images/M/MV5BOWJiMjM5ZjktM2IzNC00Y2ZlLWJkNzQtZmViMzQ5NWI1NWMwXkEyXkFqcGdeQXVyMTMxMTY0OTQ@._V1_FMjpg_UX1000_.jpg',8.7,'Sherlock Holmes and Dr Watson solve the mysteries of copper beeches, a Greek interpreter, the Norwood builder, a resident patient, the red-headed league, and one final problem.','1985','The Adventures of Sherlock Holmes','https://www.youtube.com/embed/iKUzhzustok',2,5),(133,'Rosalie Williams',' John Hawkesworth','https://maxestrellaeui.files.wordpress.com/2010/02/sherlock_holmes_movie_poster-11.jpg','https://m.media-amazon.com/images/M/MV5BOWJiMjM5ZjktM2IzNC00Y2ZlLWJkNzQtZmViMzQ5NWI1NWMwXkEyXkFqcGdeQXVyMTMxMTY0OTQ@._V1_FMjpg_UX1000_.jpg',8.7,'Sherlock Holmes and Dr Watson solve the mysteries of copper beeches, a Greek interpreter, the Norwood builder, a resident patient, the red-headed league, and one final problem.','1985','The Adventures of Sherlock Holmes','https://www.youtube.com/embed/iKUzhzustok',2,9),(134,'Dal-su Oh',' Hwan-kyung Lee','https://s1.bukalapak.com/bukalapak-kontenz-production/content_attachments/59101/original/miracle.jpg','https://resizing.flixster.com/-XZAfHZM39UwaGJIFWKAE8fS0ak=/v3/t/assets/p9811134_p_v8_ad.jpg',8.1,'A story about the love between a mentally-ill father and his lovingly adorable daughter.','2013','Miracle in Cell No.7','https://www.youtube.com/embed/h9MGZFy-gog',5,6),(135,'Dal-su Oh',' Hwan-kyung Lee','https://s1.bukalapak.com/bukalapak-kontenz-production/content_attachments/59101/original/miracle.jpg','https://resizing.flixster.com/-XZAfHZM39UwaGJIFWKAE8fS0ak=/v3/t/assets/p9811134_p_v8_ad.jpg',8.1,'A story about the love between a mentally-ill father and his lovingly adorable daughter.','2013','Miracle in Cell No.7','https://www.youtube.com/embed/h9MGZFy-gog',5,4),(136,'Re lee',' Joon-ik Lee','https://occ-0-448-41.1.nflxso.net/dnm/api/v6/6gmvu2hxdfnQ55LZZjyzYR4kzGk/AAAABbCIAgNbIbRBNlUQY1xWgwYFnYFku8LDglu2UOssXlpV-_BEa5v6XjqBcJsxxeHTJFRs-arqrXKwUP6lid1rHNmzgaj-SGzBwAvp.jpg?r=86b','https://m.media-amazon.com/images/M/MV5BZTBjY2I2YjUtMDcyZC00NWQyLWExNmMtYjVlNjZkZjdjYWFhXkEyXkFqcGdeQXVyMTMxODk2OTU@._V1_.jpg',8.2,'Story of an 8 year old girl coping with a gruesome rape damaging her internally and affecting emotionally, trying to overcome all obstacles in the aftermath of the incident with a good support from those around her.','2013','Hope','https://www.youtube.com/embed/WCkkwl-9bmw',5,6),(137,'Park Seo joon','Joo-hwan Kim','https://ghienreview.com/wp-content/uploads/2021/04/Ghien-review-The-Divine-Fury-Ban-tay-diet-quy-03.jpg','https://m.media-amazon.com/images/M/MV5BNGM5MzNiMTctZTU4Yi00ZGVhLWIyODQtMDdiNjg1Y2M1ODJlXkEyXkFqcGdeQXVyNTUxNTI3MzY@._V1_FMjpg_UX1000_.jpg',6.3,'An MMA fighter helps an exorcist fight evil.','2019','The Divine Fury','https://www.youtube.com/embed/lzMmYV_5-0A',5,13),(138,' Park Seo joon','Joo-hwan Kim','https://ghienreview.com/wp-content/uploads/2021/04/Ghien-review-The-Divine-Fury-Ban-tay-diet-quy-03.jpg','https://m.media-amazon.com/images/M/MV5BNGM5MzNiMTctZTU4Yi00ZGVhLWIyODQtMDdiNjg1Y2M1ODJlXkEyXkFqcGdeQXVyNTUxNTI3MzY@._V1_FMjpg_UX1000_.jpg',6.3,'An MMA fighter helps an exorcist fight evil.','2019','The Divine Fury','https://www.youtube.com/embed/lzMmYV_5-0A',5,1),(139,'Park Seo joon','Joo-hwan Kim','https://ghienreview.com/wp-content/uploads/2021/04/Ghien-review-The-Divine-Fury-Ban-tay-diet-quy-03.jpg','https://m.media-amazon.com/images/M/MV5BNGM5MzNiMTctZTU4Yi00ZGVhLWIyODQtMDdiNjg1Y2M1ODJlXkEyXkFqcGdeQXVyNTUxNTI3MzY@._V1_FMjpg_UX1000_.jpg',6.3,'An MMA fighter helps an exorcist fight evil.','2019','The Divine Fury','https://www.youtube.com/embed/lzMmYV_5-0A',5,12),(141,'Yeong-hie Seo',' Jeong-hoon Kim','https://thumbor.prod.vidiocdn.com/nzF5P9K75cUXll7UBN2f_PzK4Jw=/1920x1080/filters:quality(70)/vidio-web-prod-film/uploads/film/image_landscape/1560/the-accidental-detective-2ef427.jpg','https://m.media-amazon.com/images/M/MV5BMjU1ZmZkZDgtMWM0ZS00ZmQyLWI5YTktM2QzZWIyMmY5MWI3XkEyXkFqcGdeQXVyNzI1NzMxNzM@._V1_FMjpg_UX1000_.jpg',6.7,'A true-crime enthusiast and a washed up cop facing demotion launch a joint murder investigation to help a mutual friend who is wrongfully charged with murder.','2015','The Accidental Detective','https://www.youtube.com/embed/n8G3kQEdtDI',5,4),(142,'Yeong-hie Seo',' Jeong-hoon Kim','https://thumbor.prod.vidiocdn.com/nzF5P9K75cUXll7UBN2f_PzK4Jw=/1920x1080/filters:quality(70)/vidio-web-prod-film/uploads/film/image_landscape/1560/the-accidental-detective-2ef427.jpg','https://m.media-amazon.com/images/M/MV5BMjU1ZmZkZDgtMWM0ZS00ZmQyLWI5YTktM2QzZWIyMmY5MWI3XkEyXkFqcGdeQXVyNzI1NzMxNzM@._V1_FMjpg_UX1000_.jpg',6.7,'A true-crime enthusiast and a washed up cop facing demotion launch a joint murder investigation to help a mutual friend who is wrongfully charged with murder.','2015','The Accidental Detective','https://www.youtube.com/embed/n8G3kQEdtDI',5,5),(143,'Yitian Hu','Long Yang','https://wallpapercave.com/wp/wp3854997.jpg','https://m.media-amazon.com/images/M/MV5BMzc3YmVkYjAtNDU2Zi00ZjVkLTk1NmYtM2I5MGY1MzA5NzE5XkEyXkFqcGdeQXVyNDU4MDQ0MjM@._V1_FMjpg_UX1000_.jpg',8.7,'Can the pure love of 17-year-olds endure through all the challenges of adulthood? Chen Xiao Xi and Jiang Chen are high school friends and neighbors who grew up together. Xiao Xi is happy-go-lucky and doesn\'t like to study much but she has a talent for drawing. Jiang Chen is popular for his good looks and high grades. Their friends include swimmer Wu Bo Song, who will do anything for Xiao Xi, and Xiao Xi\'s best friend, Lin Jing Xiao, the most beautiful girl in school. How will the realities of life shape the friendships and love of these young adults?','2017','A love so beautiful','https://www.youtube.com/embed/V_1aauD9GUI',6,4),(144,'Yitian Hu','Long Yang','https://wallpapercave.com/wp/wp3854997.jpg','https://m.media-amazon.com/images/M/MV5BMzc3YmVkYjAtNDU2Zi00ZjVkLTk1NmYtM2I5MGY1MzA5NzE5XkEyXkFqcGdeQXVyNDU4MDQ0MjM@._V1_FMjpg_UX1000_.jpg',8.7,'Can the pure love of 17-year-olds endure through all the challenges of adulthood? Chen Xiao Xi and Jiang Chen are high school friends and neighbors who grew up together. Xiao Xi is happy-go-lucky and doesn\'t like to study much but she has a talent for drawing. Jiang Chen is popular for his good looks and high grades. Their friends include swimmer Wu Bo Song, who will do anything for Xiao Xi, and Xiao Xi\'s best friend, Lin Jing Xiao, the most beautiful girl in school. How will the realities of life shape the friendships and love of these young adults?','2017','A love so beautiful','https://www.youtube.com/embed/V_1aauD9GUI',6,10),(145,'Yiran Zhou','Shuang Yuan','https://1.vikiplatform.com/c/39999c/9302a844f9.jpg?x=b&s=480x270&e=t&q=g','https://m.media-amazon.com/images/M/MV5BOGIzMzExYmUtOWUyMi00MDAwLWIyMTEtMDg4ZDIxZjBkZmE4XkEyXkFqcGdeQXVyMjI2ODE1NTA@._V1_FMjpg_UX1000_.jpg',8.5,'In the early autumn of 2012, Yucai Middle School welcomes a cheerful transfer student named Su Zai Zai. On the first day of school, Su Zai Zai encounters the aloof and cool Zhang Lu Rang and falls in love with him at first sight.','2023','When I Fly Towards You','https://www.youtube.com/embed/gtXj5fhacUw',6,4),(146,'Yiran Zhou','Shuang Yuan','https://1.vikiplatform.com/c/39999c/9302a844f9.jpg?x=b&s=480x270&e=t&q=g','https://m.media-amazon.com/images/M/MV5BOGIzMzExYmUtOWUyMi00MDAwLWIyMTEtMDg4ZDIxZjBkZmE4XkEyXkFqcGdeQXVyMjI2ODE1NTA@._V1_FMjpg_UX1000_.jpg',8.5,'In the early autumn of 2012, Yucai Middle School welcomes a cheerful transfer student named Su Zai Zai. On the first day of school, Su Zai Zai encounters the aloof and cool Zhang Lu Rang and falls in love with him at first sight.','2023','When I Fly Towards You','https://www.youtube.com/embed/gtXj5fhacUw',6,6),(147,'Yiran Zhou','Shuang Yuan','https://1.vikiplatform.com/c/39999c/9302a844f9.jpg?x=b&s=480x270&e=t&q=g','https://m.media-amazon.com/images/M/MV5BOGIzMzExYmUtOWUyMi00MDAwLWIyMTEtMDg4ZDIxZjBkZmE4XkEyXkFqcGdeQXVyMjI2ODE1NTA@._V1_FMjpg_UX1000_.jpg',8.5,'In the early autumn of 2012, Yucai Middle School welcomes a cheerful transfer student named Su Zai Zai. On the first day of school, Su Zai Zai encounters the aloof and cool Zhang Lu Rang and falls in love with him at first sight.','2023','When I Fly Towards You','https://www.youtube.com/embed/gtXj5fhacUw',6,10),(148,'Li Ma',' Wang Zhi','https://m.media-amazon.com/images/M/MV5BZGNmNDQzZjUtNDljOC00OTQwLWEzYzAtODdjYTU2MzczYTM1XkEyXkFqcGdeQXVyOTE4NzcwNzI@._V1_QL75_UX500_CR0,225,500,281_.jpg','https://m.media-amazon.com/images/M/MV5BZGNmNDQzZjUtNDljOC00OTQwLWEzYzAtODdjYTU2MzczYTM1XkEyXkFqcGdeQXVyOTE4NzcwNzI@._V1_FMjpg_UX1000_.jpg',8,'Story about a pair of lovers from their high school to adult life. Based on the Chinese novel \"I Don\'t Like This World, I Only Like You\" by Qiao Yi.','2019','I Don\'t Like This World','https://www.youtube.com/embed/kIioFLqAGJY',6,4),(149,'Li Ma',' Wang Zhi','https://m.media-amazon.com/images/M/MV5BZGNmNDQzZjUtNDljOC00OTQwLWEzYzAtODdjYTU2MzczYTM1XkEyXkFqcGdeQXVyOTE4NzcwNzI@._V1_QL75_UX500_CR0,225,500,281_.jpg','https://m.media-amazon.com/images/M/MV5BZGNmNDQzZjUtNDljOC00OTQwLWEzYzAtODdjYTU2MzczYTM1XkEyXkFqcGdeQXVyOTE4NzcwNzI@._V1_FMjpg_UX1000_.jpg',8,'Story about a pair of lovers from their high school to adult life. Based on the Chinese novel \"I Don\'t Like This World, I Only Like You\" by Qiao Yi.','2019','I Don\'t Like This World','https://www.youtube.com/embed/kIioFLqAGJY',6,10),(150,'Lu Bai','Hu Guo','https://showbizhut.com/wp-content/uploads/2023/11/only-for-love-chinese-drama-cast-name-story-and-details-800x445.jpg','https://www.themoviedb.org/t/p/w500/aSDZcX0FIJJRMNiL7n9J39LyK46.jpg',7.5,'Zheng Shu Yi is a hard-working reporter for one of China\'s leading financial newspapers. Shi Yan, the businessman, is looking to make a series of investments. Could this blossoming working relationship also lead them on the path to love?','2022','Only For Love','https://www.youtube.com/embed/CSVaawmj100',6,4),(151,'Lu Bai','Hu Guo','https://showbizhut.com/wp-content/uploads/2023/11/only-for-love-chinese-drama-cast-name-story-and-details-800x445.jpg','https://www.themoviedb.org/t/p/w500/aSDZcX0FIJJRMNiL7n9J39LyK46.jpg',7.5,'Zheng Shu Yi is a hard-working reporter for one of China\'s leading financial newspapers. Shi Yan, the businessman, is looking to make a series of investments. Could this blossoming working relationship also lead them on the path to love?','2022','Only For Love','https://www.youtube.com/embed/CSVaawmj100',6,10),(152,'Lu Bai','Hu Guo','https://showbizhut.com/wp-content/uploads/2023/11/only-for-love-chinese-drama-cast-name-story-and-details-800x445.jpg','https://www.themoviedb.org/t/p/w500/aSDZcX0FIJJRMNiL7n9J39LyK46.jpg',7.5,'Zheng Shu Yi is a hard-working reporter for one of China\'s leading financial newspapers. Shi Yan, the businessman, is looking to make a series of investments. Could this blossoming working relationship also lead them on the path to love?','2022','Only For Love','https://www.youtube.com/embed/CSVaawmj100',6,6),(153,'Phantira Pipityakorn','Rasiguet Sookkarn','https://image.tmdb.org/t/p/original/pIIH8Ck8PkvGROlc4pyTjDtfc5f.jpg','https://m.media-amazon.com/images/M/MV5BMjc4MzBlZTEtODU0Yy00MjI5LWE0ZDUtNDNjOGU3OTEwODExXkEyXkFqcGdeQXVyNTkzNjEwMjI@._V1_FMjpg_UX1000_.jpg',6,'It is about a woman with memory loss faced with the challenge of survival on a mysterious island.','2022','Faces Of Anne','https://www.youtube.com/embed/jUlzVSt7k5g',8,9),(154,'Phantira Pipityakorn','Rasiguet Sookkarn','https://image.tmdb.org/t/p/original/pIIH8Ck8PkvGROlc4pyTjDtfc5f.jpg','https://m.media-amazon.com/images/M/MV5BMjc4MzBlZTEtODU0Yy00MjI5LWE0ZDUtNDNjOGU3OTEwODExXkEyXkFqcGdeQXVyNTkzNjEwMjI@._V1_FMjpg_UX1000_.jpg',6,'It is about a woman with memory loss faced with the challenge of survival on a mysterious island.','2022','Faces Of Anne','https://www.youtube.com/embed/jUlzVSt7k5g',8,13),(155,'Phantira Pipityakorn','Rasiguet Sookkarn','https://image.tmdb.org/t/p/original/pIIH8Ck8PkvGROlc4pyTjDtfc5f.jpg','https://m.media-amazon.com/images/M/MV5BMjc4MzBlZTEtODU0Yy00MjI5LWE0ZDUtNDNjOGU3OTEwODExXkEyXkFqcGdeQXVyNTkzNjEwMjI@._V1_FMjpg_UX1000_.jpg',6,'It is about a woman with memory loss faced with the challenge of survival on a mysterious island.','2022','Faces Of Anne','https://www.youtube.com/embed/jUlzVSt7k5g',8,12),(156,'Atikhun Adulpocatorn','Pairach Khumwan','https://image.tmdb.org/t/p/original/bFT0lcU5oWfeccCxiHm7pXGlHpu.jpg','https://m.media-amazon.com/images/M/MV5BYWU0Y2JjMDEtZWI3Mi00ZTNiLTliNTEtNGIwZjM2OTIzZWEzXkEyXkFqcGdeQXVyNDgzNjc0MTg@._V1_FMjpg_UX1000_.jpg',5.3,'It follows high school kids who get caught up trying to prove the existence of an urban legend but instead backfires completely, and now they\'re being picked off one by one.','2017','Siam Square','https://www.youtube.com/embed/XBb2mUZFKwM',8,13),(157,'Atikhun Adulpocatorn',' Pairach Khumwan','https://image.tmdb.org/t/p/original/bFT0lcU5oWfeccCxiHm7pXGlHpu.jpg','https://m.media-amazon.com/images/M/MV5BYWU0Y2JjMDEtZWI3Mi00ZTNiLTliNTEtNGIwZjM2OTIzZWEzXkEyXkFqcGdeQXVyNDgzNjc0MTg@._V1_FMjpg_UX1000_.jpg',5.3,'It follows high school kids who get caught up trying to prove the existence of an urban legend but instead backfires completely, and now they\'re being picked off one by one.','2017','Siam Square','https://www.youtube.com/embed/XBb2mUZFKwM',8,12),(158,' Mario Maurer',' Banjong Pisanthanakun','https://metadata-static.plex.tv/3/gracenote/35044af3f9d1524b590cf3d03561d3d8.jpg','https://m.media-amazon.com/images/M/MV5BZjhiYjQyMzAtYTZiMi00MGY5LWJkYmQtNDQyNzMzNmRjZTdhXkEyXkFqcGdeQXVyMjUzNDk4OTQ@._V1_.jpg',7.2,'After serving in the war, Mak invites his four soldier friends to his home. Upon arrival they witness the village terrified of a ghost. The four friends hear rumors that the ghost is Mak\'s wife Nak. Based on Thai folklore.','2013','Tình Người Duyên Ma','https://www.youtube.com/embed/lPts4HMXbmU',8,12),(159,' Mario Maurer',' Banjong Pisanthanakun','https://metadata-static.plex.tv/3/gracenote/35044af3f9d1524b590cf3d03561d3d8.jpg','https://m.media-amazon.com/images/M/MV5BZjhiYjQyMzAtYTZiMi00MGY5LWJkYmQtNDQyNzMzNmRjZTdhXkEyXkFqcGdeQXVyMjUzNDk4OTQ@._V1_.jpg',7.2,'After serving in the war, Mak invites his four soldier friends to his home. Upon arrival they witness the village terrified of a ghost. The four friends hear rumors that the ghost is Mak\'s wife Nak. Based on Thai folklore.','2013','Tình Người Duyên Ma','https://www.youtube.com/embed/lPts4HMXbmU',8,4),(160,' Sompob Benjathikul','Wisit Sasanatieng','https://filmyhype.com/wp-content/uploads/2021/12/The-Whole-Truth-Review.jpg','https://m.media-amazon.com/images/M/MV5BZDBhZjIyNjctY2RlNS00MzJjLWIwZGItZGQxOWQyNGE2NjljXkEyXkFqcGdeQXVyNjk3NDA1NTE@._V1_FMjpg_UX1000_.jpg',5.2,'When two siblings stumble on a strange hole in the wall of their grandparents\' house, horrifying incidents reveal sinister secrets about their family.','2021','The whole truth','https://www.youtube.com/embed/hrJGjg-U8SA',8,12),(161,' Sompob Benjathikul','Wisit Sasanatieng','https://filmyhype.com/wp-content/uploads/2021/12/The-Whole-Truth-Review.jpg','https://m.media-amazon.com/images/M/MV5BZDBhZjIyNjctY2RlNS00MzJjLWIwZGItZGQxOWQyNGE2NjljXkEyXkFqcGdeQXVyNjk3NDA1NTE@._V1_FMjpg_UX1000_.jpg',5.2,'When two siblings stumble on a strange hole in the wall of their grandparents\' house, horrifying incidents reveal sinister secrets about their family.','2021','The whole truth','https://www.youtube.com/embed/hrJGjg-U8SA',8,9),(162,'Naomi Amante','Jatuphong','https://i.bloganchoi.com/bloganchoi.com/wp-content/uploads/2021/05/girl-from-nowhere-3-696x385.jpeg?fit=696%2C20000&quality=95&ssl=1','https://m.media-amazon.com/images/M/MV5BYzZjOTg3MWQtMjE0NC00ZGJhLTg3NzAtNWRlZmY2Y2QwYTYyXkEyXkFqcGdeQXVyMTEzMTI1Mjk3._V1_FMjpg_UX1000_.jpg',7.6,'A mysterious, clever girl named Nanno transfers to different schools, exposing the lies and misdeeds of the students and faculty at every turn.','2021','Girl from Nowhere','https://www.youtube.com/embed/WYAMLoLOVYI',8,5),(163,'Naomi Amante','Jatuphong','https://i.bloganchoi.com/bloganchoi.com/wp-content/uploads/2021/05/girl-from-nowhere-3-696x385.jpeg?fit=696%2C20000&quality=95&ssl=1','https://m.media-amazon.com/images/M/MV5BYzZjOTg3MWQtMjE0NC00ZGJhLTg3NzAtNWRlZmY2Y2QwYTYyXkEyXkFqcGdeQXVyMTEzMTI1Mjk3._V1_FMjpg_UX1000_.jpg',7.6,'A mysterious, clever girl named Nanno transfers to different schools, exposing the lies and misdeeds of the students and faculty at every turn.','2021','Girl from Nowhere','https://www.youtube.com/embed/WYAMLoLOVYI',8,7),(164,' Supanart Jittaleela',' Rapeepimol Chaiyasena','https://i.kinja-img.com/image/upload/c_fill,f_auto,fl_progressive,g_center,h_264,pg_1,q_80,w_470/42ae3e77328c5c54da4ef6994c08db4d.jpg','https://popcornusa.s3.amazonaws.com/movies/650/5931-0-Memoir.jpg',6.8,'Daranee, working on a convenience store staff night shift, dreams of luxury life, until one day a good opportunities in life come in. When she met a strange girl, the customer in the store, very beautiful and successful, recommend her to sell insurance. She did not deny but finding her first customer turned to be hard. She has to dig up into the old connection began to find friends in the past to call for insurance, but all my friends rejected her. She found a friend named Yo (Tina Supanant), a close friend she had forgotten in the past. She decided to call Yo, which she immediately recognized and agree to buy the insurance with the only condition that they have to meet ony at night, soon some memories started to clear up.','2017','Memoir ','https://www.youtube.com/embed/NVIvgEkwW98',8,12),(165,' Supanart Jittaleela',' Rapeepimol Chaiyasena','https://i.kinja-img.com/image/upload/c_fill,f_auto,fl_progressive,g_center,h_264,pg_1,q_80,w_470/42ae3e77328c5c54da4ef6994c08db4d.jpg','https://popcornusa.s3.amazonaws.com/movies/650/5931-0-Memoir.jpg',6.8,'Daranee, working on a convenience store staff night shift, dreams of luxury life, until one day a good opportunities in life come in. When she met a strange girl, the customer in the store, very beautiful and successful, recommend her to sell insurance. She did not deny but finding her first customer turned to be hard. She has to dig up into the old connection began to find friends in the past to call for insurance, but all my friends rejected her. She found a friend named Yo (Tina Supanant), a close friend she had forgotten in the past. She decided to call Yo, which she immediately recognized and agree to buy the insurance with the only condition that they have to meet ony at night, soon some memories started to clear up.','2017','Memoir ','https://www.youtube.com/embed/NVIvgEkwW98',8,9),(166,'Sapol Assawamunkong',' Sitisiri Mongkolsiri','https://i.ytimg.com/vi/CBEz-cJSGxo/hqdefault.jpg','https://m.media-amazon.com/images/M/MV5BMTYzODY3ZDktOWI1Yy00MDZhLWI0NGMtNTg1ZjdjYTVmOWRlXkEyXkFqcGdeQXVyNjYyODQ0NDY@._V1_FMjpg_UX1000_.jpg',6.4,'In a far-away village, lived an innocent teenage girl, \"Sai\" who later discovered herself inheriting the curse of \"Krasue\". At night, her head would detach from her body and hunts for flesh and blood. Villagers are terrified by the deaths of their livestocks and that is when the Krasue hunt begins. \"Jerd\" a friend joined the hunt with an unknown reason while \"Noi\", the childhood friend who had just came back to the village decided to stand beside Sai despite knowing the horrifying truth.','2019','Krasue: Inhuman kiss','https://www.youtube.com/embed/yaO0wMzwses',8,12),(167,'Sapol Assawamunkong',' Sitisiri Mongkolsiri','https://i.ytimg.com/vi/CBEz-cJSGxo/hqdefault.jpg','https://i0.wp.com/cdn.phimbo.xyz/images/poster-krasue-nu-hon-ma-quai-2019.jpg',6.4,'In a far-away village, lived an innocent teenage girl, \"Sai\" who later discovered herself inheriting the curse of \"Krasue\". At night, her head would detach from her body and hunts for flesh and blood. Villagers are terrified by the deaths of their livestocks and that is when the Krasue hunt begins. \"Jerd\" a friend joined the hunt with an unknown reason while \"Noi\", the childhood friend who had just came back to the village decided to stand beside Sai despite knowing the horrifying truth.','2019','Krasue: Inhuman kiss','https://www.youtube.com/embed/yaO0wMzwses',8,10),(168,'Sirani Yankittikan','Banjong Pisanthanakun','https://theabominabledrwelsh.blog/wp-content/uploads/2021/12/The-Medium-FEATURE.jpg','https://m.media-amazon.com/images/M/MV5BMjVlYzJhMGQtZjMzNC00ZDc1LWFjZDMtZDk1ZTQxZTdhNDZjXkEyXkFqcGdeQXVyNzEyMTA5MTU@._V1_FMjpg_UX1000_.jpg',6.5,'A horrifying story of a shaman\'s inheritance in the Isan region of Thailand. What could be possessing a family member might not be the Goddess they make it out to be.','2021','The Medium','https://www.youtube.com/embed/wDtJ3M4arIc',8,12),(169,'Kuytae Oppa','Phontharis Chotkijsadarsopon','https://images.mubicdn.net/images/film/277712/cache-583546-1599188163/image-w1280.jpg?size=800x','https://m.media-amazon.com/images/M/MV5BYmFkYmY5YTYtZTdmMC00ZmZkLWE3NWQtMGM5ZThiOTAyYzE0XkEyXkFqcGdeQXVyNTg5NjcwNjY@._V1_FMjpg_UX1000_.jpg',5,'A group of friends have to break a curse from an ancient spirit and have a friend ordained as a monk.','2022','Pee Nak 3','https://www.youtube.com/embed/677RxUbigi8',8,12),(170,' Kuytae Oppa','Phontharis Chotkijsadarsopon','https://images.mubicdn.net/images/film/277712/cache-583546-1599188163/image-w1280.jpg?size=800x','https://m.media-amazon.com/images/M/MV5BYmFkYmY5YTYtZTdmMC00ZmZkLWE3NWQtMGM5ZThiOTAyYzE0XkEyXkFqcGdeQXVyNTg5NjcwNjY@._V1_FMjpg_UX1000_.jpg',5,'A group of friends have to break a curse from an ancient spirit and have a friend ordained as a monk.','2022','Pee Nak 3','https://www.youtube.com/embed/677RxUbigi8',8,4),(171,'Kieu Minh Tuan',' Vo Thanh Hoa','https://i.imgur.com/Uq5j9Jn.jpg','https://m.media-amazon.com/images/M/MV5BMmI1ZGYyNDYtNWVjZi00ZWExLWFjZTEtMjJiYjU3YmFlMjhkXkEyXkFqcGdeQXVyNDc0Njc1NTY@._V1_.jpg',6.5,'A notorious assassin loses his memory and his fortune at the local bathhouse, setting into motion a wacky new life chock-full of surprises.','2022','Chìa Khóa Trăm Tỷ ','https://www.youtube.com/embed/OhQW4eX1NPI',7,1),(172,'Kieu Minh Tuan',' Vo Thanh Hoa','https://i.imgur.com/Uq5j9Jn.jpg','https://m.media-amazon.com/images/M/MV5BMmI1ZGYyNDYtNWVjZi00ZWExLWFjZTEtMjJiYjU3YmFlMjhkXkEyXkFqcGdeQXVyNDc0Njc1NTY@._V1_.jpg',6.5,'A notorious assassin loses his memory and his fortune at the local bathhouse, setting into motion a wacky new life chock-full of surprises.','2022','Chìa Khóa Trăm Tỷ ','https://www.youtube.com/embed/OhQW4eX1NPI',7,4),(173,'Phuong Anh Dao',' Dinh Cong Hieu','https://touchcinema.com/storage/phim-2021/2048wx858h-7.jpg','https://m.media-amazon.com/images/M/MV5BNmQzYTc4M2QtMzE3MC00ZmVjLTlmOTQtYmI2M2M1OGIyMTliXkEyXkFqcGdeQXVyNjU0NTI0Nw@@._V1_.jpg',5,'Constantly dreaming of being killed by a faceless killer every night, Phuong Anh\'s life is disturbed. However, even more horrifying happens, when the Faceless Killer comes into life and pursues her.','2022',' Vô diện sát nhân','https://www.youtube.com/embed/KgMmy31o-OE',7,12),(174,'Thuan Nguyen',' Veronica Ngo','https://m.media-amazon.com/images/M/MV5BZjVmNWRjYmEtN2MyNC00MWZmLWE3MGUtMzVkMGRhZTIxNTQ4XkEyXkFqcGdeQXVyMTUzMTY3Mjc0._V1_.jpg','https://m.media-amazon.com/images/M/MV5BMzEzOWFmNmUtYWQ3NC00YTUzLTlhM2QtMmEyYmMzZWMzZDEwXkEyXkFqcGdeQXVyMzQxMzk5NjY@._V1_.jpg',5.8,'Prequel to Furie (2019). Tell the story about the early life of Thanh Soi. Hai Phuong vicious antagonist in the merciless street of a bygone days Saigon','2022','Thanh Sói','https://www.youtube.com/embed/v5Pka1nRMnI',7,5),(175,'Thuan Nguyen',' Veronica Ngo','https://m.media-amazon.com/images/M/MV5BZjVmNWRjYmEtN2MyNC00MWZmLWE3MGUtMzVkMGRhZTIxNTQ4XkEyXkFqcGdeQXVyMTUzMTY3Mjc0._V1_.jpg','https://m.media-amazon.com/images/M/MV5BMzEzOWFmNmUtYWQ3NC00YTUzLTlhM2QtMmEyYmMzZWMzZDEwXkEyXkFqcGdeQXVyMzQxMzk5NjY@._V1_.jpg',5.8,'Prequel to Furie (2019). Tell the story about the early life of Thanh Soi. Hai Phuong vicious antagonist in the merciless street of a bygone days Saigon','2022','Thanh Sói','https://www.youtube.com/embed/v5Pka1nRMnI',7,1),(176,'Thuan Nguyen',' Veronica Ngo','https://m.media-amazon.com/images/M/MV5BZjVmNWRjYmEtN2MyNC00MWZmLWE3MGUtMzVkMGRhZTIxNTQ4XkEyXkFqcGdeQXVyMTUzMTY3Mjc0._V1_.jpg','https://m.media-amazon.com/images/M/MV5BMzEzOWFmNmUtYWQ3NC00YTUzLTlhM2QtMmEyYmMzZWMzZDEwXkEyXkFqcGdeQXVyMzQxMzk5NjY@._V1_.jpg',5.8,'Prequel to Furie (2019). Tell the story about the early life of Thanh Soi. Hai Phuong vicious antagonist in the merciless street of a bygone days Saigon','2022','Thanh Sói','https://www.youtube.com/embed/v5Pka1nRMnI',7,13),(177,'Nguyen Le Viet Hung',' Phan Gia Nhat Linh','https://static-images.vnncdn.net/files/publish/2022/6/20/ut289391114-385650u843542999-5-608.jpg','https://m.media-amazon.com/images/M/MV5BNjJmYjIyM2YtZDM3MS00MGIyLWFmYjYtOGQ2MjFjZjBlZjdlXkEyXkFqcGdeQXVyNDc0Njc1NTY@._V1_FMjpg_UX1000_.jpg',6.1,'Trinh Cong Son had many lovers walking through his life and music career. They are the influencers and motivations that made Son composing many love songs and anti-war songs.','2022','Em Và Trịnh','https://www.youtube.com/embed/IosqnBOkk2I',7,6),(178,'Nguyen Le Viet Hung',' Phan Gia Nhat Linh','https://static-images.vnncdn.net/files/publish/2022/6/20/ut289391114-385650u843542999-5-608.jpg','https://m.media-amazon.com/images/M/MV5BNjJmYjIyM2YtZDM3MS00MGIyLWFmYjYtOGQ2MjFjZjBlZjdlXkEyXkFqcGdeQXVyNDc0Njc1NTY@._V1_FMjpg_UX1000_.jpg',6.1,'Trinh Cong Son had many lovers walking through his life and music career. They are the influencers and motivations that made Son composing many love songs and anti-war songs.','2022','Em Và Trịnh','https://www.youtube.com/embed/IosqnBOkk2I',7,10),(179,'Kieu Minh Tuan','Thanh Son Le','https://static.vieon.vn/vieplay-image/thumbnail_v4/2021/01/05/wtk9qmeg_1_horizontal-thumbnail3dec0e4f2ca474c374961c3bd8638571.jpg','https://m.media-amazon.com/images/M/MV5BNmY3ZjU4YmEtMjkxYS00MmU0LTgzMTMtNGE2ZjJhNzBhY2E3XkEyXkFqcGdeQXVyNDc0Njc1NTY@._V1_FMjpg_UX1000_.jpg',6.5,'A playboy\'s life changes after he met and slept with a girl who hasn\'t turned 18 yet.','2017','Em chưa 18','https://www.youtube.com/embed/JumMd7g61Gw',7,10),(180,'Kieu Minh Tuan','Thanh Son Le','https://static.vieon.vn/vieplay-image/thumbnail_v4/2021/01/05/wtk9qmeg_1_horizontal-thumbnail3dec0e4f2ca474c374961c3bd8638571.jpg','https://m.media-amazon.com/images/M/MV5BNmY3ZjU4YmEtMjkxYS00MmU0LTgzMTMtNGE2ZjJhNzBhY2E3XkEyXkFqcGdeQXVyNDc0Njc1NTY@._V1_FMjpg_UX1000_.jpg',6.5,'A playboy\'s life changes after he met and slept with a girl who hasn\'t turned 18 yet.','2017','Em chưa 18','https://www.youtube.com/embed/JumMd7g61Gw',7,4),(181,'Jayvee Mai The Hiep','Tran Thanh Huy','https://blog.fshare.vn/wp-content/uploads/2020/09/maxresdefault-11.jpg','https://m.media-amazon.com/images/M/MV5BYjQ1MDk1YWUtODRhMS00ZDJjLTgxNGEtOWM0Mjk1MjU4MTlhXkEyXkFqcGdeQXVyMzQxMzk5NjY@._V1_.jpg',6.8,'Movie story revolves around the life, fate of street children, homeless, specializing in selling lottery results every afternoon.','2019','Ròm','https://www.youtube.com/embed/XRm1P7oGpMQ',7,6),(182,'Jayvee Mai The Hiep','Tran Thanh Huy','https://blog.fshare.vn/wp-content/uploads/2020/09/maxresdefault-11.jpg','https://m.media-amazon.com/images/M/MV5BYjQ1MDk1YWUtODRhMS00ZDJjLTgxNGEtOWM0Mjk1MjU4MTlhXkEyXkFqcGdeQXVyMzQxMzk5NjY@._V1_.jpg',6.8,'Movie story revolves around the life, fate of street children, homeless, specializing in selling lottery results every afternoon.','2019','Ròm','https://www.youtube.com/embed/XRm1P7oGpMQ',7,5),(183,'Can Mac','Tran Huu Tan','https://i.ytimg.com/vi/Q4ROt0WzxXs/maxresdefault.jpg','https://m.media-amazon.com/images/M/MV5BZjVjMmVmNWMtZDcxYi00MWRhLTk5MTMtZTQwNDYxNmNiZjczXkEyXkFqcGdeQXVyNDc0Njc1NTY@._V1_.jpg',4.2,'The film has dark, demonic colors with material from everyday life. The culture and beliefs, customs and habits of the Vietnamese people will be a highlight in this work, besides the horror scenes.','2022','Chuyện Ma Gần Nhà','https://www.youtube.com/embed/nFeKDjyeP2M',7,13),(184,'Can Mac','Tran Huu Tan','https://i.ytimg.com/vi/Q4ROt0WzxXs/maxresdefault.jpg','https://m.media-amazon.com/images/M/MV5BZjVjMmVmNWMtZDcxYi00MWRhLTk5MTMtZTQwNDYxNmNiZjczXkEyXkFqcGdeQXVyNDc0Njc1NTY@._V1_.jpg',4.2,'The film has dark, demonic colors with material from everyday life. The culture and beliefs, customs and habits of the Vietnamese people will be a highlight in this work, besides the horror scenes.','2022','Chuyện Ma Gần Nhà','https://www.youtube.com/embed/nFeKDjyeP2M',7,12),(185,'Quang Tuan','Tran Huu Tan','https://cdn.sforum.vn/sforum/wp-content/uploads/2023/10/tet-o-lang-dia-nguc-thumbnail.jpg','https://vtv1.mediacdn.vn/562122370168008704/2023/9/27/edit-photo-1-1695778724739314806721.png',6.2,'Hellbound Village (2023) is about a village deep in the remote forest in the high mountains, a place covered by fog all year round, named Hell Village, strange stories happen. with the villagers during Tet that year...','2023','Tết Ở Làng Địa Ngục','https://www.youtube.com/embed/C2V38ghWHlQ',7,9),(186,'Quang Tuan','Tran Huu Tan','https://cdn.sforum.vn/sforum/wp-content/uploads/2023/10/tet-o-lang-dia-nguc-thumbnail.jpg','https://vtv1.mediacdn.vn/562122370168008704/2023/9/27/edit-photo-1-1695778724739314806721.png',6.2,'Hellbound Village (2023) is about a village deep in the remote forest in the high mountains, a place covered by fog all year round, named Hell Village, strange stories happen. with the villagers during Tet that year...','2023','Tết Ở Làng Địa Ngục','https://www.youtube.com/embed/C2V38ghWHlQ',7,12),(187,'Truc Anh','Victor Vu','https://media.baoquangninh.vn/upload/image/202205/medium/1973321_093c1d95943a6728be4126a94959fd71.jpg','https://m.media-amazon.com/images/M/MV5BMDlmYThhNWQtODcxZC00MjEwLTg1ZjgtODQyNDk0MmViNDRkXkEyXkFqcGdeQXVyOTIxNDQ1MTQ@._V1_.jpg',6.9,'The movie tells the one-sided love story of a young man, Ngan, for his girlfriend from childhood, Ha Lan.','2019','Mắt Biếc','https://www.youtube.com/embed/KSFS0OfIK2c',7,10),(188,'Truc Anh','Victor Vu','https://media.baoquangninh.vn/upload/image/202205/medium/1973321_093c1d95943a6728be4126a94959fd71.jpg','https://m.media-amazon.com/images/M/MV5BMDlmYThhNWQtODcxZC00MjEwLTg1ZjgtODQyNDk0MmViNDRkXkEyXkFqcGdeQXVyOTIxNDQ1MTQ@._V1_.jpg',6.9,'The movie tells the one-sided love story of a young man, Ngan, for his girlfriend from childhood, Ha Lan.','2019','Mắt Biếc','https://www.youtube.com/embed/KSFS0OfIK2c',7,6),(189,'Bang Di','Quang Dung Nguyen','https://suckhoedoisong.qltns.mediacdn.vn/324455921873985536/2023/10/16/dat-rung-phuong-nam-2-16974244588241363846539.jpg','https://m.media-amazon.com/images/M/MV5BMzA5NjgwMjItMTMxZC00ZTY5LWIwZGItZDc5YjIzNjY2M2QwXkEyXkFqcGdeQXVyMzUzOTU2NTg@._V1_FMjpg_UX1000_.jpg',5.7,'Song of the South (Dat Rung Phuong Nam) is based on the same name novel written by Author Doan Gioi. It\'s a serial journey of a lost boy, named An, who experiences various adventures and tragedies on his way to looking for his father.','2023','Đất Rừng Phương Nam','https://www.youtube.com/embed/hktzirCnJmQ',7,6),(190,'Daniel Giménez Cacho','Apichatpong Weerasethakul','https://static.kanopy.com/cdn-cgi/image/fit=cover,height=540,width=960/https://static-assets.kanopy.com/video-images/7193f40f-06e8-4c61-b12f-eaaa87eea7f2.jpeg','https://m.media-amazon.com/images/M/MV5BYTIxZDAwZGYtMDNlMS00YjNmLTk4OTItMTc1N2QxNGRiMmEzXkEyXkFqcGdeQXVyMTEyMjM2NDc2._V1_FMjpg_UX1000_.jpg',6.5,'A woman from Scotland, while traveling in Colombia, begins to notice strange sounds. Soon she begins to think about their appearance.','2021','Memoria','https://www.youtube.com/embed/zyVe11x5y9o',8,9),(191,'Daniel Giménez Cacho','Apichatpong Weerasethakul','https://static.kanopy.com/cdn-cgi/image/fit=cover,height=540,width=960/https://static-assets.kanopy.com/video-images/7193f40f-06e8-4c61-b12f-eaaa87eea7f2.jpeg','https://m.media-amazon.com/images/M/MV5BYTIxZDAwZGYtMDNlMS00YjNmLTk4OTItMTc1N2QxNGRiMmEzXkEyXkFqcGdeQXVyMTEyMjM2NDc2._V1_FMjpg_UX1000_.jpg',6.5,'A woman from Scotland, while traveling in Colombia, begins to notice strange sounds. Soon she begins to think about their appearance.','2021','Memoria','https://www.youtube.com/embed/zyVe11x5y9o',8,11),(192,'Hsuan-yen Tsai','Kevin Ko','https://cdn1.clickthecity.com/wp-content/uploads/2022/08/02141259/Incantation.jpg','https://m.media-amazon.com/images/M/MV5BYjUxZGI1ODQtMDljMS00ZTUwLWI0NTMtYjc2YmUyZTM3YTdhXkEyXkFqcGdeQXVyNTM2NTY4NzU@._V1_FMjpg_UX1000_.jpg',6.2,'Six years ago, Li Ronan was cursed after breaking a religious taboo. Now, she must protect her daughter from the consequences of her actions.','2022','Incantation','https://www.youtube.com/embed/HnyNZdcL_GY',6,12),(193,'Hsuan-yen Tsai','Kevin Ko','https://cdn1.clickthecity.com/wp-content/uploads/2022/08/02141259/Incantation.jpg','https://m.media-amazon.com/images/M/MV5BYjUxZGI1ODQtMDljMS00ZTUwLWI0NTMtYjc2YmUyZTM3YTdhXkEyXkFqcGdeQXVyNTM2NTY4NzU@._V1_FMjpg_UX1000_.jpg',6.2,'Six years ago, Li Ronan was cursed after breaking a religious taboo. Now, she must protect her daughter from the consequences of her actions.','2022','Incantation','https://www.youtube.com/embed/HnyNZdcL_GY',6,9),(194,'Chris Evans ','Joe Johnston','https://www.giantfreakinrobot.com/wp-content/uploads/2021/02/chris-evans-captain-america-900x506.jpg','https://m.media-amazon.com/images/M/MV5BMjQyZmJiNTYtOTNiMS00YTc4LWEzYTktZDdmZTE5OWZmNWFhXkEyXkFqcGdeQXVyNDcwNDI2MTk@._V1_.jpg',6.9,'Steve Rogers, a rejected military soldier, transforms into Captain America after taking a dose of a \"Super-Soldier serum\". But being Captain America comes at a price as he attempts to take down a warmonger and a terrorist organization.','2011','Captain America: The First Avenger','https://www.youtube.com/embed/JerVrbLldXw',1,11),(195,'Chris Evans ','Joe Johnston','https://www.giantfreakinrobot.com/wp-content/uploads/2021/02/chris-evans-captain-america-900x506.jpg','https://m.media-amazon.com/images/M/MV5BMjQyZmJiNTYtOTNiMS00YTc4LWEzYTktZDdmZTE5OWZmNWFhXkEyXkFqcGdeQXVyNDcwNDI2MTk@._V1_.jpg',6.9,'Steve Rogers, a rejected military soldier, transforms into Captain America after taking a dose of a \"Super-Soldier serum\". But being Captain America comes at a price as he attempts to take down a warmonger and a terrorist organization.','2011','Captain America: The First Avenger','https://www.youtube.com/embed/JerVrbLldXw',1,2),(196,'Chris Evans','Joss Whedon','https://img1.hotstarext.com/image/upload/f_auto,t_web_m_1x/sources/r1/cms/prod/4298/674298-h','https://m.media-amazon.com/images/M/MV5BNDYxNjQyMjAtNTdiOS00NGYwLWFmNTAtNThmYjU5ZGI2YTI1XkEyXkFqcGdeQXVyMTMxODk2OTU@._V1_.jpg',8,'Earth\'s mightiest heroes must come together and learn to fight as a team if they are going to stop the mischievous Loki and his alien army from enslaving humanity.','2012','The Avengers','https://www.youtube.com/embed/eOrNdBpGMv8',1,11),(197,'Chris Evans','Joss Whedon','https://img1.hotstarext.com/image/upload/f_auto,t_web_m_1x/sources/r1/cms/prod/4298/674298-h','https://m.media-amazon.com/images/M/MV5BNDYxNjQyMjAtNTdiOS00NGYwLWFmNTAtNThmYjU5ZGI2YTI1XkEyXkFqcGdeQXVyMTMxODk2OTU@._V1_.jpg',8,'Earth\'s mightiest heroes must come together and learn to fight as a team if they are going to stop the mischievous Loki and his alien army from enslaving humanity.','2012','The Avengers','https://www.youtube.com/embed/eOrNdBpGMv8',1,1),(198,'Emma Stone','Marc Webb','https://www.ninna.id/wp-content/uploads/2023/03/ezgif.com-gif-maker-2023-03-28T130716.468.webp','https://m.media-amazon.com/images/M/MV5BMjMyOTM4MDMxNV5BMl5BanBnXkFtZTcwNjIyNzExOA@@._V1_.jpg',6.9,'After Peter Parker is bitten by a genetically altered spider, he gains newfound, spider-like powers and ventures out to save the city from the machinations of a mysterious reptilian foe.','2012','The Amazing Spider-Man','https://www.youtube.com/embed/upwf8RsyNqQ',1,11),(199,'Emma Stone','Marc Webb','https://www.ninna.id/wp-content/uploads/2023/03/ezgif.com-gif-maker-2023-03-28T130716.468.webp','https://m.media-amazon.com/images/M/MV5BMjMyOTM4MDMxNV5BMl5BanBnXkFtZTcwNjIyNzExOA@@._V1_.jpg',6.9,'After Peter Parker is bitten by a genetically altered spider, he gains newfound, spider-like powers and ventures out to save the city from the machinations of a mysterious reptilian foe.','2012','The Amazing Spider-Man','https://www.youtube.com/embed/upwf8RsyNqQ',1,1),(200,'Robert Downey Jr. 	Robert Downey Jr. ','Jon Favreau','https://www.proprofs.com/quiz-school/topic_images/p1bhrf9kdb18r37747e5d2h5d3.jpg','https://m.media-amazon.com/images/M/MV5BMTczNTI2ODUwOF5BMl5BanBnXkFtZTcwMTU0NTIzMw@@._V1_FMjpg_UX1000_.jpg',7.9,'After being held captive in an Afghan cave, billionaire engineer Tony Stark creates a unique weaponized suit of armor to fight evil.','2008','Iron Man','https://www.youtube.com/embed/8ugaeA-nMTc',1,11),(201,'Robert Downey Jr. 	Robert Downey Jr. ','Jon Favreau','https://www.proprofs.com/quiz-school/topic_images/p1bhrf9kdb18r37747e5d2h5d3.jpg','https://m.media-amazon.com/images/M/MV5BMTczNTI2ODUwOF5BMl5BanBnXkFtZTcwMTU0NTIzMw@@._V1_FMjpg_UX1000_.jpg',7.9,'After being held captive in an Afghan cave, billionaire engineer Tony Stark creates a unique weaponized suit of armor to fight evil.','2008','Iron Man','https://www.youtube.com/embed/8ugaeA-nMTc',1,1),(202,'Chris Hemsworth','Taika Waititi','https://i.kinja-img.com/image/upload/c_fill,h_900,q_60,w_1600/7b9ee21edad2450517756513ccd2ba6c.jpg','https://m.media-amazon.com/images/M/MV5BYmMxZWRiMTgtZjM0Ny00NDQxLWIxYWQtZDdlNDNkOTEzYTdlXkEyXkFqcGdeQXVyMTkxNjUyNQ@@._V1_.jpg',6.2,'Thor enlists the help of Valkyrie, Korg and ex-girlfriend Jane Foster to fight Gorr the God Butcher, who intends to make the gods extinct.','2022','Thor: Love and Thunder','https://www.youtube.com/embed/Go8nTmfrQd8',1,11),(203,'Chris Hemsworth','Taika Waititi','https://i.kinja-img.com/image/upload/c_fill,h_900,q_60,w_1600/7b9ee21edad2450517756513ccd2ba6c.jpg','https://m.media-amazon.com/images/M/MV5BYmMxZWRiMTgtZjM0Ny00NDQxLWIxYWQtZDdlNDNkOTEzYTdlXkEyXkFqcGdeQXVyMTkxNjUyNQ@@._V1_.jpg',6.2,'Thor enlists the help of Valkyrie, Korg and ex-girlfriend Jane Foster to fight Gorr the God Butcher, who intends to make the gods extinct.','2022','Thor: Love and Thunder','https://www.youtube.com/embed/Go8nTmfrQd8',1,2),(204,'Ezra Miller','Andy Muschietti','https://ntvb.tmsimg.com/assets/p12742479_v_h8_ad.jpg?w=1280&h=720','https://m.media-amazon.com/images/M/MV5BN2MxODY1ZTAtZDc2OS00YjhkLWFlYTgtMjY3ZWYxYzk0OWFiXkEyXkFqcGdeQXVyMTU5OTA4NTIz._V1_.jpg',6.7,'Barry Allen uses his super speed to change the past, but his attempt to save his family creates a world without super heroes, forcing him to race for his life in order to save the future.','2023','The Flash','https://www.youtube.com/embed/hebWYacbdvc',1,11),(205,'Ezra Miller','Andy Muschietti','https://ntvb.tmsimg.com/assets/p12742479_v_h8_ad.jpg?w=1280&h=720','https://m.media-amazon.com/images/M/MV5BN2MxODY1ZTAtZDc2OS00YjhkLWFlYTgtMjY3ZWYxYzk0OWFiXkEyXkFqcGdeQXVyMTU5OTA4NTIz._V1_.jpg',6.7,'Barry Allen uses his super speed to change the past, but his attempt to save his family creates a world without super heroes, forcing him to race for his life in order to save the future.','2023','The Flash','https://www.youtube.com/embed/hebWYacbdvc',1,7);
/*!40000 ALTER TABLE `movies` ENABLE KEYS */;
UNLOCK TABLES;

--
-- Table structure for table `roles`
--

DROP TABLE IF EXISTS `roles`;
/*!40101 SET @saved_cs_client     = @@character_set_client */;
/*!50503 SET character_set_client = utf8mb4 */;
CREATE TABLE `roles` (
  `id` int NOT NULL AUTO_INCREMENT,
  `name` varchar(255) DEFAULT NULL,
  PRIMARY KEY (`id`)
) ENGINE=InnoDB AUTO_INCREMENT=3 DEFAULT CHARSET=utf8mb4 COLLATE=utf8mb4_0900_ai_ci;
/*!40101 SET character_set_client = @saved_cs_client */;

--
-- Dumping data for table `roles`
--

LOCK TABLES `roles` WRITE;
/*!40000 ALTER TABLE `roles` DISABLE KEYS */;
INSERT INTO `roles` VALUES (1,'ADMIN'),(2,'USER');
/*!40000 ALTER TABLE `roles` ENABLE KEYS */;
UNLOCK TABLES;

--
-- Table structure for table `users`
--

DROP TABLE IF EXISTS `users`;
/*!40101 SET @saved_cs_client     = @@character_set_client */;
/*!50503 SET character_set_client = utf8mb4 */;
CREATE TABLE `users` (
  `id` int NOT NULL AUTO_INCREMENT,
  `email` varchar(255) NOT NULL,
  `password` varchar(255) NOT NULL,
  `username` varchar(255) NOT NULL,
  PRIMARY KEY (`id`),
  UNIQUE KEY `UK_6dotkott2kjsp8vw4d0m25fb7` (`email`),
  UNIQUE KEY `UK_r43af9ap4edm43mmtq01oddj6` (`username`)
) ENGINE=InnoDB AUTO_INCREMENT=13 DEFAULT CHARSET=utf8mb4 COLLATE=utf8mb4_0900_ai_ci;
/*!40101 SET character_set_client = @saved_cs_client */;

--
-- Dumping data for table `users`
--

LOCK TABLES `users` WRITE;
/*!40000 ALTER TABLE `users` DISABLE KEYS */;
INSERT INTO `users` VALUES (9,'admin@gmail.com','$2a$10$KDDEicfoNqTlIigmcUi3iuuxogB9sqJ41cbGNUYXlgtjZ3qQmwSZq','admin'),(10,'user@gmail.com','$2a$10$0j8esrRCha/1R.V.LpfYL.IO8QuBSi.zLrIJfzDAjhyJw.k0QxPLm','user'),(11,'user2@gmail.com','$2a$10$SHYWHxvvmgMsxzkL6lp4purBNUq9BOLDcwwxIFV5W/J/DUU4Hu4ZK','user2'),(12,'newuser@gmail.com','$2a$10$y28cR69jh4CrplcmyuV6B.vPwhpbjL.q7M4YKU6Zs7N/vchxt.ccy','newuser');
/*!40000 ALTER TABLE `users` ENABLE KEYS */;
UNLOCK TABLES;

--
-- Table structure for table `users_roles`
--

DROP TABLE IF EXISTS `users_roles`;
/*!40101 SET @saved_cs_client     = @@character_set_client */;
/*!50503 SET character_set_client = utf8mb4 */;
CREATE TABLE `users_roles` (
  `id` int NOT NULL AUTO_INCREMENT,
  `roleId` int DEFAULT NULL,
  `userId` int DEFAULT NULL,
  PRIMARY KEY (`id`),
  KEY `FK813pythy5xd9i3e8chcj0i9wg` (`roleId`),
  KEY `FKcm4j55mcneyml38dlsojlbloe` (`userId`),
  CONSTRAINT `FK813pythy5xd9i3e8chcj0i9wg` FOREIGN KEY (`roleId`) REFERENCES `roles` (`id`),
  CONSTRAINT `FKcm4j55mcneyml38dlsojlbloe` FOREIGN KEY (`userId`) REFERENCES `users` (`id`)
) ENGINE=InnoDB AUTO_INCREMENT=10 DEFAULT CHARSET=utf8mb4 COLLATE=utf8mb4_0900_ai_ci;
/*!40101 SET character_set_client = @saved_cs_client */;

--
-- Dumping data for table `users_roles`
--

LOCK TABLES `users_roles` WRITE;
/*!40000 ALTER TABLE `users_roles` DISABLE KEYS */;
INSERT INTO `users_roles` VALUES (5,2,9),(6,2,10),(7,2,11),(8,2,12),(9,1,9);
/*!40000 ALTER TABLE `users_roles` ENABLE KEYS */;
UNLOCK TABLES;
/*!40103 SET TIME_ZONE=@OLD_TIME_ZONE */;

/*!40101 SET SQL_MODE=@OLD_SQL_MODE */;
/*!40014 SET FOREIGN_KEY_CHECKS=@OLD_FOREIGN_KEY_CHECKS */;
/*!40014 SET UNIQUE_CHECKS=@OLD_UNIQUE_CHECKS */;
/*!40101 SET CHARACTER_SET_CLIENT=@OLD_CHARACTER_SET_CLIENT */;
/*!40101 SET CHARACTER_SET_RESULTS=@OLD_CHARACTER_SET_RESULTS */;
/*!40101 SET COLLATION_CONNECTION=@OLD_COLLATION_CONNECTION */;
/*!40111 SET SQL_NOTES=@OLD_SQL_NOTES */;

-- Dump completed on 2023-12-05 21:11:02
